-- phpMyAdmin SQL Dump
-- version 5.2.0
-- https://www.phpmyadmin.net/
--
-- Host: db:3306
-- Generation Time: Sep 29, 2022 at 06:56 PM
-- Server version: 10.6.4-MariaDB-1:10.6.4+maria~focal
-- PHP Version: 8.0.19

SET SQL_MODE = "NO_AUTO_VALUE_ON_ZERO";
START TRANSACTION;
SET time_zone = "+00:00";


/*!40101 SET @OLD_CHARACTER_SET_CLIENT=@@CHARACTER_SET_CLIENT */;
/*!40101 SET @OLD_CHARACTER_SET_RESULTS=@@CHARACTER_SET_RESULTS */;
/*!40101 SET @OLD_COLLATION_CONNECTION=@@COLLATION_CONNECTION */;
/*!40101 SET NAMES utf8mb4 */;

--
-- Database: `erettsegi`
--

-- --------------------------------------------------------

--
-- Table structure for table `categories`
--

CREATE TABLE `categories` (
  `id` int(11) NOT NULL,
  `name` varchar(100) NOT NULL
) ENGINE=InnoDB DEFAULT CHARSET=utf8mb4;

--
-- Dumping data for table `categories`
--

INSERT INTO `categories` (`id`, `name`) VALUES
(1, 'Kombinatorika'),
(2, 'Valószínűségszámítás'),
(3, 'Sorozatok'),
(4, 'Síkgeometria'),
(5, 'Számok és műveletek, számelmélet'),
(6, 'Függvények'),
(7, 'Térgeometria'),
(8, 'Statisztika'),
(9, 'Exponenciális és logaritmusos feladatok'),
(11, 'Vektorok, Koordinátageometria'),
(12, 'Logika'),
(13, 'Halmazok'),
(14, 'Trigonometria'),
(15, 'Egyenletek, Egyenlőtlenségek, Egyenletrendszerek'),
(16, 'Gráfok'),
(17, 'Összetett');

-- --------------------------------------------------------

--
-- Table structure for table `periods`
--

CREATE TABLE `periods` (
  `id` int(11) NOT NULL,
  `periodName` varchar(255) NOT NULL
) ENGINE=InnoDB DEFAULT CHARSET=utf8mb4;

--
-- Dumping data for table `periods`
--

INSERT INTO `periods` (`id`, `periodName`) VALUES
(3, '2021. Október'),
(4, '2021. Május'),
(5, '2021. Május Idegennyelvű'),
(6, '2020. október'),
(7, '2020. május'),
(8, '2022. május idegennyelvű'),
(9, '2022. május'),
(10, '2020. május idegennyelvű'),
(11, '2019.május idegennyelvű'),
(12, '2019.május'),
(13, '2019. október'),
(14, '2018.október'),
(15, '2018.május idegennyelvű'),
(16, '2018.május'),
(17, '2017.október'),
(18, '2017.május idegennyelvű'),
(19, '2017.május'),
(20, '2016.október'),
(21, '2016.majus idegennyelvű'),
(22, '2016.majus'),
(23, '2015.október'),
(24, '2015.május idegennyelvű'),
(25, '2015.május'),
(26, '2014.október'),
(27, '2014.május idegennyelvű'),
(28, '2014.május'),
(29, '2013.október'),
(30, '2013.május idegennyelvű'),
(31, '2013.május'),
(32, '2012.október'),
(33, '2012.május idegennyelvű'),
(34, '2012.május'),
(35, '2011.október'),
(36, '2011.május idegennyelvű'),
(37, '2011.május'),
(38, '2010.október'),
(39, '2010.május idegennyelvű'),
(40, '2010.május'),
(41, '2009.október'),
(42, '2009.május idegennyelvű'),
(43, '2009.május'),
(44, '2008.október'),
(45, '2008.május idegennyelvű'),
(46, '2008.május'),
(47, '2007.október'),
(48, '2007.május idegennyelvű'),
(49, '2007.május'),
(50, '2006.október'),
(51, '2006.május idegennyelvű'),
(52, '2006.május'),
(53, '2006.február'),
(54, '2005.október'),
(55, '2005.május pót1'),
(56, '2005.május'),
(57, '2005.május pót2');

-- --------------------------------------------------------

--
-- Table structure for table `tasks`
--

CREATE TABLE `tasks` (
  `id` int(11) NOT NULL,
  `task_image_id` int(11) NOT NULL,
  `category_id` int(11) NOT NULL,
  `period_id` int(11) NOT NULL,
  `task_no` int(11) NOT NULL,
  `task_point_no` int(11) NOT NULL
) ENGINE=InnoDB DEFAULT CHARSET=utf8mb4;

--
-- Dumping data for table `tasks`
--

INSERT INTO `tasks` (`id`, `task_image_id`, `category_id`, `period_id`, `task_no`, `task_point_no`) VALUES
(1, 2086, 8, 8, 6, 2),
(2, 2085, 9, 8, 9, 3),
(3, 2095, 5, 8, 3, 2),
(4, 2096, 11, 9, 9, 2),
(5, 2087, 13, 9, 1, 2),
(6, 2088, 11, 9, 8, 2),
(7, 2089, 16, 9, 2, 2),
(8, 2099, 7, 3, 6, 2),
(9, 2101, 17, 8, 14, 12),
(10, 2097, 13, 8, 1, 2),
(11, 2100, 6, 3, 5, 2),
(12, 2098, 14, 9, 5, 3),
(13, 2090, 1, 8, 11, 3),
(14, 2091, 6, 8, 7, 2),
(15, 2092, 17, 8, 13, 11),
(16, 2093, 15, 9, 3, 2),
(17, 2094, 4, 8, 2, 2),
(18, 2102, 6, 8, 5, 3),
(19, 2106, 4, 8, 8, 2),
(20, 2107, 5, 3, 4, 2),
(21, 2103, 9, 3, 8, 2),
(22, 2104, 5, 8, 4, 2),
(23, 2105, 3, 9, 7, 4),
(24, 2108, 13, 3, 1, 2),
(25, 2109, 2, 3, 12, 3),
(26, 2110, 3, 3, 10, 2),
(27, 2111, 17, 8, 16, 17),
(28, 2112, 4, 3, 3, 3),
(29, 2113, 5, 3, 9, 3),
(30, 2114, 5, 4, 2, 2),
(31, 2115, 3, 4, 1, 2),
(32, 2116, 6, 9, 10, 2),
(33, 2117, 1, 9, 6, 2),
(34, 2118, 17, 9, 18, 17),
(35, 2119, 2, 9, 12, 2),
(36, 2120, 13, 4, 3, 2),
(37, 2121, 17, 3, 17, 17),
(38, 2122, 4, 4, 4, 4),
(39, 2123, 14, 4, 11, 2),
(40, 2124, 4, 4, 9, 2),
(41, 2125, 17, 3, 15, 13),
(42, 2126, 15, 4, 10, 2),
(43, 2127, 1, 3, 2, 2),
(44, 2128, 17, 3, 16, 17),
(45, 2129, 11, 3, 11, 4),
(46, 2130, 5, 4, 7, 2),
(47, 2131, 8, 4, 6, 4),
(48, 2132, 7, 5, 2, 2),
(49, 2133, 17, 9, 13, 11),
(50, 2134, 5, 5, 5, 2),
(51, 2139, 17, 4, 14, 12),
(52, 2140, 5, 5, 4, 2),
(53, 2135, 4, 5, 6, 2),
(54, 2136, 6, 4, 8, 2),
(55, 2137, 1, 5, 3, 2),
(56, 2138, 17, 3, 13, 12),
(57, 2141, 17, 4, 13, 12),
(58, 2142, 3, 5, 7, 4),
(59, 2143, 17, 4, 18, 17),
(60, 2144, 2, 4, 12, 4),
(61, 2145, 14, 5, 11, 2),
(62, 2146, 5, 5, 8, 4),
(63, 2149, 17, 3, 18, 17),
(64, 2148, 8, 3, 7, 3),
(65, 2147, 8, 8, 10, 3),
(66, 2150, 2, 5, 10, 2),
(67, 2151, 16, 8, 12, 4),
(68, 2152, 17, 4, 15, 12),
(69, 2153, 17, 4, 16, 17),
(70, 2154, 5, 6, 3, 2),
(71, 2155, 13, 6, 1, 2),
(72, 2156, 5, 6, 4, 2),
(73, 2157, 17, 9, 15, 13),
(74, 2158, 4, 5, 9, 2),
(75, 2159, 6, 6, 6, 3),
(76, 2161, 17, 5, 14, 11),
(77, 2160, 17, 5, 13, 13),
(78, 2162, 3, 6, 2, 2),
(79, 2163, 5, 6, 7, 3),
(80, 2164, 7, 6, 8, 3),
(81, 2165, 1, 6, 9, 2),
(82, 2166, 8, 6, 11, 3),
(83, 2167, 12, 4, 5, 2),
(84, 2168, 17, 9, 14, 12),
(85, 2169, 8, 5, 12, 3),
(86, 2170, 2, 6, 12, 2),
(87, 2171, 17, 6, 15, 14),
(88, 2172, 17, 5, 18, 17),
(89, 2173, 13, 7, 2, 2),
(90, 2174, 7, 7, 1, 2),
(91, 2175, 5, 7, 8, 2),
(92, 2176, 5, 7, 5, 2),
(93, 2177, 17, 5, 17, 17),
(94, 2178, 8, 9, 11, 3),
(95, 2179, 14, 7, 10, 3),
(96, 2180, 17, 6, 13, 10),
(97, 2181, 17, 5, 16, 17),
(98, 2182, 17, 6, 14, 12),
(99, 2183, 2, 7, 12, 3),
(100, 2184, 17, 7, 14, 12),
(101, 2185, 17, 7, 13, 11),
(102, 2186, 5, 7, 3, 2),
(103, 2187, 6, 6, 10, 4),
(104, 2188, 5, 7, 9, 3),
(105, 2189, 17, 6, 17, 17),
(106, 2190, 8, 10, 2, 2),
(107, 2191, 13, 10, 3, 3),
(108, 2192, 3, 10, 1, 2),
(109, 2193, 17, 6, 16, 17),
(110, 2194, 1, 10, 4, 2),
(111, 2195, 12, 6, 5, 2),
(112, 2196, 2, 10, 6, 2),
(113, 2197, 16, 10, 5, 2),
(114, 2198, 17, 7, 15, 13),
(115, 2199, 14, 10, 11, 2),
(116, 2200, 6, 7, 6, 3),
(117, 2201, 17, 7, 16, 17),
(118, 2202, 4, 10, 12, 4),
(119, 2203, 17, 3, 14, 11),
(120, 2204, 17, 7, 18, 17),
(121, 2205, 17, 6, 18, 17),
(122, 2206, 17, 8, 15, 13),
(123, 2207, 6, 9, 4, 2),
(124, 2208, 17, 8, 18, 17),
(125, 2210, 17, 8, 17, 17),
(126, 2211, 17, 10, 13, 12),
(127, 2209, 17, 10, 14, 11),
(128, 2212, 11, 10, 9, 2),
(129, 2213, 17, 10, 17, 17),
(130, 2214, 3, 10, 10, 4),
(131, 2215, 2, 10, 7, 2),
(132, 2222, 3, 13, 7, 2),
(133, 2223, 17, 10, 15, 13),
(134, 2224, 17, 9, 16, 17),
(135, 2216, 8, 7, 7, 3),
(136, 2217, 13, 13, 2, 3),
(137, 2218, 5, 13, 5, 2),
(138, 2219, 16, 13, 1, 2),
(139, 2220, 5, 10, 8, 3),
(140, 2221, 17, 9, 17, 17),
(141, 2226, 4, 13, 8, 2),
(142, 2225, 6, 13, 6, 2),
(143, 2227, 11, 13, 9, 2),
(144, 2228, 17, 10, 18, 17),
(145, 2229, 5, 13, 3, 2),
(146, 2230, 5, 13, 4, 2),
(147, 2231, 4, 12, 2, 2),
(148, 2232, 17, 13, 13, 11),
(149, 2233, 15, 12, 1, 2),
(150, 2234, 17, 13, 15, 14),
(151, 2235, 5, 12, 3, 2),
(152, 2236, 17, 13, 17, 17),
(153, 2237, 16, 12, 5, 2),
(154, 2238, 13, 12, 4, 3),
(155, 2239, 5, 12, 8, 2),
(156, 2240, 11, 12, 7, 2),
(157, 2241, 3, 12, 11, 4),
(158, 2242, 11, 12, 10, 3),
(159, 2243, 16, 7, 4, 3),
(160, 2244, 17, 12, 15, 12),
(161, 2247, 8, 13, 12, 3),
(162, 2245, 17, 10, 16, 17),
(163, 2246, 3, 7, 11, 2),
(164, 2248, 7, 13, 10, 4),
(165, 2249, 15, 11, 1, 2),
(166, 2250, 17, 12, 17, 17),
(167, 2251, 17, 13, 18, 17),
(168, 2252, 9, 11, 3, 2),
(169, 2253, 17, 13, 14, 11),
(170, 2254, 17, 13, 16, 17),
(171, 2255, 1, 12, 6, 2),
(172, 2256, 5, 11, 6, 2),
(173, 2257, 17, 12, 13, 10),
(174, 2258, 2, 13, 11, 4),
(175, 2259, 6, 11, 7, 2),
(176, 2260, 5, 11, 8, 2),
(177, 2261, 6, 11, 9, 2),
(178, 2262, 11, 11, 11, 3),
(179, 2263, 3, 11, 10, 4),
(180, 2264, 17, 11, 14, 12),
(181, 2265, 17, 11, 15, 13),
(182, 2266, 16, 11, 2, 2),
(183, 2267, 17, 5, 15, 12),
(184, 2268, 7, 11, 4, 4),
(185, 2269, 8, 12, 12, 3),
(186, 2270, 2, 14, 2, 2),
(187, 2271, 17, 7, 17, 17),
(188, 2272, 13, 14, 1, 2),
(189, 2273, 5, 14, 5, 2),
(190, 2274, 6, 14, 4, 2),
(191, 2275, 2, 11, 12, 3),
(192, 2276, 8, 14, 6, 4),
(193, 2277, 17, 11, 13, 11),
(194, 2278, 6, 14, 9, 2),
(195, 2279, 12, 14, 8, 2),
(196, 2280, 17, 11, 16, 17),
(197, 2281, 8, 14, 12, 4),
(198, 2282, 3, 14, 11, 4),
(199, 2283, 17, 14, 14, 12),
(200, 2284, 17, 11, 17, 17),
(201, 2286, 13, 16, 2, 2),
(202, 2285, 14, 12, 9, 3),
(203, 2287, 5, 16, 3, 2),
(204, 2289, 5, 11, 5, 2),
(205, 2288, 16, 14, 3, 2),
(206, 2290, 7, 16, 4, 3),
(207, 2291, 8, 16, 8, 2),
(208, 2292, 14, 16, 11, 2),
(209, 2293, 9, 16, 6, 2),
(210, 2294, 13, 14, 7, 2),
(211, 2295, 16, 16, 5, 3),
(212, 2296, 3, 16, 12, 4),
(213, 2297, 17, 16, 14, 11),
(214, 2298, 17, 16, 15, 14),
(215, 2299, 17, 14, 15, 14),
(216, 2300, 1, 14, 10, 2),
(217, 2301, 17, 16, 16, 17),
(218, 2302, 3, 15, 1, 2),
(219, 2303, 5, 16, 1, 2),
(220, 2304, 17, 16, 17, 17),
(221, 2305, 5, 15, 3, 2),
(222, 2306, 6, 15, 5, 2),
(223, 2307, 8, 16, 10, 4),
(224, 2308, 12, 15, 4, 2),
(225, 2309, 13, 15, 2, 2),
(226, 2310, 5, 15, 8, 2),
(227, 2311, 9, 15, 10, 3),
(228, 2312, 5, 15, 6, 3),
(229, 2313, 9, 15, 7, 3),
(230, 2314, 6, 15, 11, 3),
(231, 2315, 3, 15, 9, 2),
(232, 2316, 17, 15, 13, 12),
(233, 2317, 2, 15, 12, 4),
(234, 2318, 17, 15, 15, 14),
(235, 2319, 17, 15, 16, 17),
(236, 2320, 7, 17, 1, 2),
(237, 2321, 5, 17, 4, 2),
(238, 2322, 13, 17, 2, 3),
(239, 2323, 9, 17, 3, 2),
(240, 2324, 16, 17, 6, 2),
(241, 2325, 2, 17, 7, 2),
(242, 2326, 17, 14, 13, 10),
(243, 2327, 17, 16, 13, 11),
(244, 2328, 16, 17, 8, 3),
(245, 2329, 8, 17, 10, 2),
(246, 2330, 14, 17, 11, 2),
(247, 2331, 6, 17, 9, 3),
(248, 2332, 2, 17, 12, 4),
(249, 2333, 17, 17, 13, 10),
(250, 2334, 17, 17, 17, 17),
(251, 2335, 17, 14, 16, 17),
(252, 2336, 6, 16, 9, 2),
(253, 2337, 5, 17, 5, 3),
(254, 2338, 3, 19, 2, 2),
(255, 2339, 14, 19, 6, 3),
(256, 2340, 14, 19, 10, 2),
(257, 2341, 9, 19, 4, 2),
(258, 2342, 17, 15, 14, 10),
(259, 2343, 15, 19, 11, 2),
(260, 2344, 2, 19, 12, 4),
(261, 2345, 17, 19, 14, 12),
(262, 2346, 6, 19, 8, 2),
(263, 2347, 7, 19, 9, 3),
(264, 2348, 17, 19, 16, 17),
(265, 2349, 17, 12, 14, 14),
(266, 2350, 17, 15, 17, 17),
(267, 2351, 17, 15, 18, 17),
(268, 2352, 17, 11, 18, 17),
(269, 2353, 15, 18, 1, 2),
(270, 2354, 13, 19, 1, 2),
(271, 2355, 6, 19, 5, 2),
(272, 2356, 17, 19, 17, 17),
(273, 2357, 5, 18, 3, 2),
(274, 2358, 16, 18, 4, 3),
(275, 2359, 5, 18, 9, 2),
(276, 2360, 9, 18, 5, 2),
(277, 2361, 7, 18, 8, 4),
(278, 2362, 13, 18, 2, 2),
(279, 2363, 12, 18, 10, 2),
(280, 2364, 6, 18, 6, 2),
(281, 2365, 17, 17, 15, 14),
(282, 2366, 2, 18, 12, 3),
(283, 2367, 13, 18, 11, 4),
(284, 2368, 17, 18, 14, 12),
(285, 2369, 17, 18, 13, 10),
(286, 2370, 17, 17, 14, 12),
(287, 2371, 16, 19, 3, 4),
(288, 2372, 12, 19, 7, 2),
(289, 2373, 6, 16, 7, 2),
(290, 2374, 17, 18, 18, 17),
(291, 2375, 16, 20, 1, 2),
(292, 2376, 6, 20, 2, 2),
(293, 2377, 5, 20, 3, 2),
(294, 2378, 8, 18, 7, 2),
(295, 2379, 12, 20, 5, 2),
(296, 2380, 5, 20, 9, 4),
(297, 2381, 7, 20, 6, 4),
(298, 2382, 14, 20, 8, 2),
(299, 2383, 9, 20, 10, 2),
(300, 2384, 6, 20, 11, 4),
(301, 2385, 17, 20, 13, 12),
(302, 2386, 17, 19, 15, 12),
(303, 2387, 6, 20, 7, 2),
(304, 2388, 5, 22, 2, 2),
(305, 2389, 13, 22, 1, 2),
(306, 2390, 17, 20, 18, 17),
(307, 2391, 15, 22, 3, 2),
(308, 2392, 9, 22, 6, 2),
(309, 2393, 14, 22, 11, 2),
(310, 2394, 1, 22, 4, 2),
(311, 2395, 3, 22, 8, 3),
(312, 2396, 6, 22, 10, 4),
(313, 2397, 16, 22, 5, 3),
(314, 2398, 12, 22, 7, 2),
(315, 2399, 17, 17, 16, 17),
(316, 2400, 17, 22, 13, 10),
(317, 2401, 17, 18, 15, 14),
(318, 2402, 2, 22, 12, 4),
(319, 2403, 17, 14, 18, 17),
(320, 2404, 17, 20, 15, 12),
(321, 2405, 15, 21, 1, 2),
(322, 2406, 17, 19, 13, 12),
(323, 2407, 17, 12, 16, 17),
(324, 2408, 11, 21, 5, 2),
(325, 2409, 11, 21, 7, 3),
(326, 2410, 16, 21, 6, 2),
(327, 2411, 9, 21, 3, 2),
(328, 2412, 13, 21, 2, 3),
(329, 2413, 8, 21, 9, 2),
(330, 2414, 6, 21, 10, 2),
(331, 2415, 4, 21, 11, 3),
(332, 2416, 2, 21, 8, 3),
(333, 2417, 17, 20, 17, 17),
(334, 2418, 17, 20, 16, 17),
(335, 2419, 13, 21, 12, 3),
(336, 2420, 1, 20, 4, 2),
(337, 2421, 17, 21, 15, 12),
(338, 2422, 1, 21, 4, 3),
(339, 2423, 17, 21, 16, 17),
(340, 2424, 17, 16, 18, 17),
(341, 2425, 12, 23, 7, 2),
(342, 2426, 17, 19, 18, 17),
(343, 2427, 8, 23, 9, 4),
(344, 2428, 2, 23, 10, 3),
(345, 2429, 5, 23, 8, 2),
(346, 2430, 17, 22, 17, 17),
(347, 2431, 17, 22, 18, 17),
(348, 2432, 17, 23, 13, 13),
(349, 2433, 5, 23, 11, 3),
(350, 2434, 17, 21, 14, 12),
(351, 2435, 17, 17, 18, 17),
(352, 2436, 17, 14, 17, 17),
(353, 2437, 5, 25, 1, 2),
(354, 2438, 5, 25, 2, 2),
(355, 2439, 6, 23, 4, 2),
(356, 2440, 17, 18, 16, 17),
(357, 2441, 12, 22, 9, 2),
(358, 2442, 3, 25, 9, 2),
(359, 2443, 16, 25, 8, 2),
(360, 2444, 17, 21, 13, 12),
(361, 2445, 17, 21, 17, 17),
(362, 2446, 2, 25, 12, 4),
(363, 2447, 17, 25, 13, 11),
(364, 2448, 2, 20, 12, 2),
(365, 2449, 17, 21, 18, 17),
(366, 2450, 13, 23, 5, 3),
(367, 2451, 17, 23, 17, 17),
(368, 2452, 4, 23, 2, 3),
(369, 2453, 17, 20, 14, 12),
(370, 2454, 16, 24, 2, 2),
(371, 2455, 16, 23, 12, 2),
(372, 2456, 15, 23, 1, 2),
(373, 2457, 13, 23, 6, 2),
(374, 2458, 13, 24, 1, 3),
(375, 2459, 5, 24, 5, 3),
(376, 2460, 11, 25, 10, 3),
(377, 2461, 6, 24, 4, 2),
(378, 2462, 6, 23, 3, 2),
(379, 2463, 17, 23, 15, 11),
(380, 2464, 11, 25, 11, 3),
(381, 2465, 17, 25, 14, 13),
(382, 2466, 7, 24, 9, 3),
(383, 2467, 3, 24, 6, 2),
(384, 2468, 17, 25, 15, 12),
(385, 2469, 17, 22, 14, 13),
(386, 2470, 17, 23, 16, 17),
(387, 2471, 8, 24, 10, 3),
(388, 2472, 12, 25, 3, 2),
(389, 2473, 17, 23, 18, 17),
(390, 2474, 17, 22, 16, 17),
(391, 2475, 6, 25, 6, 2),
(392, 2476, 15, 25, 4, 3),
(393, 2477, 17, 22, 15, 13),
(394, 2478, 8, 25, 7, 3),
(395, 2479, 2, 24, 12, 2),
(396, 2480, 17, 24, 15, 12),
(397, 2481, 17, 24, 14, 14),
(398, 2482, 12, 25, 5, 2),
(399, 2483, 17, 24, 18, 17),
(400, 2484, 11, 26, 1, 2),
(401, 2485, 9, 26, 5, 3),
(402, 2486, 17, 18, 17, 17),
(403, 2487, 5, 26, 2, 3),
(404, 2488, 17, 25, 16, 17),
(405, 2489, 17, 24, 13, 10),
(406, 2490, 6, 26, 8, 2),
(407, 2491, 17, 25, 18, 17),
(408, 2492, 12, 26, 12, 2),
(409, 2493, 17, 26, 15, 11),
(410, 2494, 11, 24, 11, 3),
(411, 2495, 17, 24, 16, 17),
(412, 2496, 15, 28, 3, 3),
(413, 2497, 13, 28, 5, 2),
(414, 2498, 5, 28, 2, 2),
(415, 2499, 13, 28, 1, 4),
(416, 2500, 6, 28, 4, 2),
(417, 2501, 5, 28, 6, 3),
(418, 2502, 6, 28, 8, 2),
(419, 2503, 12, 24, 3, 2),
(420, 2504, 17, 28, 15, 12),
(421, 2505, 17, 23, 14, 12),
(422, 2506, 16, 28, 10, 2),
(423, 2507, 14, 26, 7, 2),
(424, 2508, 5, 27, 1, 2),
(425, 2509, 9, 27, 2, 2),
(426, 2510, 13, 27, 6, 3),
(427, 2511, 16, 27, 5, 2),
(428, 2512, 6, 27, 3, 3),
(429, 2513, 17, 24, 17, 17),
(430, 2514, 4, 27, 7, 3),
(431, 2515, 17, 28, 13, 12),
(432, 2516, 17, 26, 13, 12),
(433, 2517, 7, 27, 10, 3),
(434, 2518, 8, 27, 8, 2),
(435, 2519, 12, 27, 9, 3),
(436, 2520, 6, 27, 11, 2),
(437, 2521, 17, 26, 14, 13),
(438, 2522, 2, 26, 6, 2),
(439, 2523, 17, 28, 18, 17),
(440, 2524, 9, 28, 9, 2),
(441, 2525, 17, 27, 13, 12),
(442, 2526, 15, 26, 11, 4),
(443, 2527, 11, 26, 9, 3),
(444, 2528, 6, 29, 2, 2),
(445, 2529, 1, 27, 4, 2),
(446, 2530, 12, 29, 4, 2),
(447, 2531, 5, 29, 5, 3),
(448, 2532, 17, 12, 18, 17),
(449, 2533, 17, 27, 15, 12),
(450, 2534, 17, 26, 18, 17),
(451, 2535, 17, 28, 16, 17),
(452, 2536, 5, 28, 7, 3),
(453, 2537, 4, 27, 12, 3),
(454, 2538, 17, 27, 17, 17),
(455, 2539, 2, 28, 12, 2),
(456, 2540, 3, 24, 7, 2),
(457, 2541, 14, 29, 3, 2),
(458, 2542, 4, 28, 11, 3),
(459, 2543, 15, 26, 4, 3),
(460, 2544, 2, 29, 11, 2),
(461, 2545, 6, 29, 10, 3),
(462, 2546, 17, 29, 13, 12),
(463, 2547, 8, 29, 12, 3),
(464, 2548, 6, 29, 6, 3),
(465, 2549, 8, 31, 2, 2),
(466, 2550, 13, 31, 1, 2),
(467, 2551, 8, 31, 3, 3),
(468, 2552, 17, 29, 17, 17),
(469, 2553, 6, 26, 3, 2),
(470, 2554, 14, 31, 5, 3),
(471, 2555, 17, 27, 18, 17),
(472, 2556, 13, 29, 1, 2),
(473, 2557, 17, 26, 16, 17),
(474, 2558, 17, 29, 14, 12),
(475, 2559, 6, 26, 10, 2),
(476, 2560, 7, 31, 9, 2),
(477, 2561, 1, 31, 10, 3),
(478, 2562, 6, 24, 8, 3),
(479, 2563, 8, 31, 11, 2),
(480, 2564, 2, 31, 12, 2),
(481, 2565, 17, 29, 16, 17),
(482, 2566, 17, 31, 13, 12),
(483, 2567, 17, 29, 18, 17),
(484, 2568, 5, 30, 1, 2),
(485, 2569, 17, 27, 14, 12),
(486, 2570, 17, 28, 14, 12),
(487, 2571, 15, 30, 3, 2),
(488, 2572, 12, 31, 8, 2),
(489, 2573, 14, 30, 6, 2),
(490, 2574, 11, 30, 10, 3),
(491, 2575, 1, 30, 8, 2),
(492, 2576, 3, 29, 8, 3),
(493, 2577, 16, 29, 9, 2),
(494, 2578, 8, 30, 9, 3),
(495, 2579, 17, 25, 17, 17),
(496, 2580, 3, 30, 12, 3),
(497, 2581, 5, 30, 11, 4),
(498, 2582, 17, 30, 14, 12),
(499, 2583, 17, 30, 13, 12),
(500, 2584, 6, 31, 4, 2),
(501, 2585, 17, 31, 15, 12),
(502, 2586, 11, 31, 6, 3),
(503, 2587, 6, 31, 7, 4),
(504, 2588, 15, 32, 3, 2),
(505, 2589, 16, 32, 8, 2),
(506, 2590, 11, 32, 10, 2),
(507, 2591, 3, 32, 12, 3),
(508, 2592, 5, 32, 6, 3),
(509, 2593, 17, 30, 16, 17),
(510, 2594, 17, 30, 15, 12),
(511, 2595, 4, 32, 11, 3),
(512, 2596, 17, 28, 17, 17),
(513, 2597, 17, 27, 16, 17),
(514, 2598, 17, 31, 14, 12),
(515, 2599, 4, 29, 7, 2),
(516, 2600, 17, 30, 18, 17),
(517, 2601, 3, 34, 1, 2),
(518, 2602, 8, 32, 4, 3),
(519, 2603, 17, 26, 17, 17),
(520, 2604, 12, 34, 4, 2),
(521, 2605, 6, 34, 3, 2),
(522, 2606, 4, 34, 6, 2),
(523, 2607, 5, 34, 5, 2),
(524, 2608, 11, 34, 2, 3),
(525, 2609, 6, 32, 9, 2),
(526, 2610, 11, 34, 7, 3),
(527, 2611, 2, 34, 9, 3),
(528, 2612, 9, 34, 10, 3),
(529, 2613, 12, 32, 7, 4),
(530, 2614, 5, 34, 11, 3),
(531, 2615, 6, 30, 4, 2),
(532, 2616, 7, 30, 2, 3),
(533, 2617, 11, 30, 5, 2),
(534, 2618, 6, 34, 12, 2),
(535, 2619, 17, 31, 18, 17),
(536, 2620, 17, 34, 13, 12),
(537, 2621, 17, 34, 14, 12),
(538, 2622, 6, 30, 7, 2),
(539, 2623, 17, 29, 15, 12),
(540, 2625, 3, 32, 1, 2),
(541, 2624, 12, 32, 5, 2),
(542, 2626, 5, 34, 8, 3),
(543, 2627, 9, 33, 3, 2),
(544, 2628, 11, 33, 2, 2),
(545, 2629, 6, 33, 1, 2),
(546, 2630, 17, 31, 17, 17),
(547, 2631, 5, 33, 7, 3),
(548, 2632, 13, 33, 6, 2),
(549, 2633, 17, 32, 14, 12),
(550, 2634, 13, 32, 2, 2),
(551, 2635, 11, 33, 11, 4),
(552, 2636, 12, 33, 12, 3),
(553, 2637, 17, 33, 16, 17),
(554, 2638, 5, 35, 2, 2),
(555, 2639, 17, 33, 17, 17),
(556, 2640, 5, 35, 1, 2),
(557, 2641, 17, 30, 17, 17),
(558, 2642, 17, 33, 15, 12),
(559, 2643, 13, 35, 4, 3),
(560, 2644, 3, 35, 3, 3),
(561, 2645, 17, 31, 16, 17),
(562, 2646, 17, 33, 18, 17),
(563, 2647, 16, 35, 7, 2),
(564, 2648, 8, 35, 6, 2),
(565, 2649, 6, 35, 5, 2),
(566, 2650, 16, 33, 10, 2),
(567, 2651, 17, 33, 13, 12),
(568, 2652, 5, 37, 1, 2),
(569, 2653, 2, 37, 2, 3),
(570, 2654, 1, 33, 5, 2),
(571, 2655, 5, 37, 4, 2),
(572, 2656, 5, 35, 9, 2),
(573, 2657, 7, 37, 3, 2),
(574, 2658, 17, 32, 13, 12),
(575, 2659, 6, 37, 5, 2),
(576, 2660, 6, 33, 9, 2),
(577, 2661, 7, 35, 12, 3),
(578, 2662, 17, 35, 13, 12),
(579, 2663, 17, 32, 18, 17),
(580, 2664, 17, 32, 16, 17),
(581, 2665, 9, 37, 8, 2),
(582, 2666, 15, 37, 6, 3),
(583, 2667, 5, 37, 9, 2),
(584, 2668, 13, 37, 7, 4),
(585, 2669, 17, 35, 14, 12),
(586, 2670, 15, 37, 10, 2),
(587, 2671, 3, 37, 11, 2),
(588, 2672, 12, 37, 12, 3),
(589, 2673, 17, 37, 14, 12),
(590, 2674, 17, 35, 17, 17),
(591, 2675, 17, 37, 15, 12),
(592, 2676, 5, 36, 1, 2),
(593, 2677, 17, 37, 17, 17),
(594, 2678, 17, 32, 15, 12),
(595, 2679, 3, 35, 11, 4),
(596, 2680, 3, 35, 8, 3),
(597, 2681, 5, 36, 2, 2),
(598, 2682, 8, 36, 3, 3),
(599, 2683, 5, 33, 8, 2),
(600, 2684, 15, 36, 5, 2),
(601, 2685, 16, 36, 6, 2),
(602, 2686, 4, 36, 4, 2),
(603, 2687, 17, 34, 15, 12),
(604, 2688, 5, 36, 7, 2),
(605, 2689, 17, 35, 18, 17),
(606, 2690, 17, 34, 18, 17),
(607, 2691, 3, 36, 8, 3),
(608, 2692, 5, 36, 10, 3),
(609, 2693, 17, 37, 16, 17),
(610, 2694, 6, 33, 4, 3),
(611, 2695, 13, 36, 12, 4),
(612, 2696, 15, 36, 11, 2),
(613, 2697, 17, 36, 14, 12),
(614, 2698, 17, 34, 17, 17),
(615, 2699, 17, 34, 16, 17),
(616, 2700, 14, 38, 7, 3),
(617, 2701, 6, 38, 5, 2),
(618, 2702, 17, 33, 14, 12),
(619, 2703, 5, 38, 4, 2),
(620, 2704, 15, 38, 6, 2),
(621, 2705, 9, 38, 9, 2),
(622, 2706, 5, 36, 9, 3),
(623, 2707, 16, 38, 11, 2),
(624, 2708, 17, 38, 13, 12),
(625, 2709, 17, 38, 14, 12),
(626, 2710, 11, 38, 12, 3),
(627, 2711, 6, 38, 10, 3),
(628, 2712, 17, 38, 15, 12),
(629, 2713, 6, 35, 10, 2),
(630, 2714, 17, 36, 16, 17),
(631, 2715, 17, 38, 16, 17),
(632, 2716, 8, 40, 3, 3),
(633, 2717, 15, 40, 2, 2),
(634, 2718, 4, 40, 6, 3),
(635, 2719, 14, 40, 9, 3),
(636, 2720, 1, 40, 5, 2),
(637, 2721, 16, 40, 7, 2),
(638, 2722, 17, 40, 13, 12),
(639, 2723, 2, 40, 11, 3),
(640, 2724, 14, 40, 10, 4),
(641, 2725, 17, 37, 18, 17),
(642, 2726, 17, 40, 14, 12),
(643, 2727, 9, 40, 4, 2),
(644, 2728, 17, 36, 15, 12),
(645, 2729, 11, 38, 3, 3),
(646, 2730, 7, 39, 7, 2),
(647, 2731, 4, 39, 1, 2),
(648, 2732, 17, 40, 18, 17),
(649, 2733, 9, 39, 4, 2),
(650, 2734, 6, 39, 6, 2),
(651, 2735, 4, 39, 5, 2),
(652, 2736, 11, 39, 3, 2),
(653, 2737, 11, 39, 9, 3),
(654, 2738, 5, 39, 8, 3),
(655, 2739, 8, 39, 10, 3),
(656, 2740, 8, 40, 12, 2),
(657, 2741, 17, 40, 15, 12),
(658, 2742, 17, 36, 13, 12),
(659, 2743, 8, 39, 2, 2),
(660, 2744, 5, 40, 1, 2),
(661, 2745, 4, 39, 12, 3),
(662, 2746, 13, 38, 1, 2),
(663, 2747, 5, 41, 1, 2),
(664, 2748, 17, 39, 18, 17),
(665, 2749, 16, 38, 2, 2),
(666, 2750, 2, 41, 3, 2),
(667, 2751, 13, 41, 2, 3),
(668, 2752, 2, 39, 11, 3),
(669, 2753, 5, 41, 4, 2),
(670, 2754, 6, 41, 7, 3),
(671, 2755, 3, 41, 6, 2),
(672, 2756, 9, 41, 8, 3),
(673, 2757, 7, 41, 11, 3),
(674, 2758, 11, 41, 10, 3),
(675, 2759, 5, 38, 8, 4),
(676, 2760, 17, 41, 13, 12),
(677, 2761, 6, 41, 12, 3),
(678, 2762, 2, 40, 8, 2),
(679, 2763, 15, 43, 1, 2),
(680, 2764, 14, 41, 5, 2),
(681, 2765, 16, 43, 3, 2),
(682, 2766, 5, 43, 2, 2),
(683, 2767, 17, 39, 15, 12),
(684, 2768, 6, 43, 4, 2),
(685, 2769, 1, 43, 5, 2),
(686, 2770, 9, 43, 6, 2),
(687, 2771, 17, 41, 17, 17),
(688, 2772, 3, 43, 7, 3),
(689, 2773, 17, 35, 15, 12),
(690, 2774, 13, 43, 9, 4),
(691, 2775, 17, 40, 17, 17),
(692, 2776, 5, 43, 8, 3),
(693, 2777, 7, 43, 12, 4),
(694, 2778, 17, 41, 18, 17),
(695, 2779, 17, 39, 17, 17),
(696, 2780, 17, 39, 13, 12),
(697, 2781, 11, 43, 10, 2),
(698, 2782, 17, 43, 14, 12),
(699, 2783, 17, 41, 15, 12),
(700, 2784, 17, 43, 15, 12),
(701, 2785, 17, 38, 17, 17),
(702, 2786, 17, 43, 17, 17),
(703, 2787, 5, 42, 2, 2),
(704, 2788, 12, 42, 3, 2),
(705, 2789, 13, 42, 1, 2),
(706, 2790, 16, 42, 4, 2),
(707, 2791, 17, 39, 14, 12),
(708, 2792, 5, 5, 1, 2),
(709, 2793, 17, 41, 14, 12),
(710, 2794, 8, 41, 9, 2),
(711, 2795, 5, 42, 5, 3),
(712, 2796, 4, 42, 9, 3),
(713, 2797, 9, 42, 8, 2),
(714, 2798, 11, 42, 12, 3),
(715, 2799, 17, 41, 16, 17),
(716, 2800, 5, 42, 7, 2),
(717, 2801, 13, 42, 11, 3),
(718, 2802, 1, 42, 6, 3),
(719, 2803, 17, 42, 13, 12),
(720, 2804, 17, 43, 18, 17),
(721, 2805, 17, 40, 16, 17),
(722, 2806, 17, 42, 18, 17),
(723, 2807, 4, 44, 2, 2),
(724, 2808, 17, 42, 17, 17),
(725, 2809, 13, 44, 1, 2),
(726, 2810, 11, 44, 4, 2),
(727, 2811, 14, 44, 5, 2),
(728, 2812, 8, 44, 6, 2),
(729, 2813, 5, 43, 11, 2),
(730, 2814, 17, 43, 13, 12),
(731, 2815, 14, 44, 8, 3),
(732, 2816, 12, 44, 7, 4),
(733, 2817, 8, 44, 12, 3),
(734, 2818, 14, 44, 11, 4),
(735, 2819, 6, 42, 10, 3),
(736, 2820, 17, 44, 14, 12),
(737, 2821, 17, 43, 16, 17),
(738, 2822, 17, 44, 13, 12),
(739, 2823, 17, 42, 16, 17),
(740, 2824, 13, 44, 3, 2),
(741, 2825, 17, 44, 16, 17),
(742, 2826, 17, 44, 17, 17),
(743, 2827, 5, 46, 1, 2),
(744, 2828, 5, 46, 4, 2),
(745, 2829, 16, 46, 2, 2),
(746, 2830, 17, 37, 13, 12),
(747, 2831, 17, 44, 18, 17),
(748, 2832, 5, 46, 8, 2),
(749, 2833, 12, 46, 7, 4),
(750, 2834, 17, 35, 16, 17),
(751, 2835, 6, 46, 9, 2),
(752, 2836, 17, 42, 14, 12),
(753, 2837, 11, 46, 6, 2),
(754, 2838, 5, 46, 11, 2),
(755, 2839, 13, 46, 12, 4),
(756, 2840, 17, 46, 13, 12),
(757, 2841, 3, 46, 10, 3),
(758, 2842, 17, 46, 14, 12),
(759, 2843, 17, 46, 16, 17),
(760, 2844, 17, 44, 15, 12),
(761, 2845, 17, 46, 15, 12),
(762, 2846, 5, 45, 1, 2),
(763, 2847, 14, 45, 2, 2),
(764, 2848, 13, 45, 3, 3),
(765, 2849, 6, 45, 4, 2),
(766, 2850, 17, 46, 18, 17),
(767, 2851, 7, 45, 5, 2),
(768, 2852, 8, 44, 9, 2),
(769, 2853, 5, 45, 7, 2),
(770, 2854, 11, 45, 8, 2),
(771, 2855, 17, 38, 18, 17),
(772, 2856, 12, 45, 10, 4),
(773, 2857, 5, 45, 9, 3),
(774, 2858, 6, 46, 5, 3),
(775, 2859, 8, 45, 6, 3),
(776, 2860, 16, 45, 11, 3),
(777, 2861, 5, 45, 12, 2),
(778, 2862, 17, 45, 14, 12),
(779, 2863, 17, 45, 16, 17),
(780, 2864, 13, 47, 1, 2),
(781, 2865, 5, 47, 2, 2),
(782, 2866, 5, 47, 3, 2),
(783, 2867, 1, 47, 8, 2),
(784, 2868, 3, 47, 7, 3),
(785, 2869, 17, 45, 13, 12),
(786, 2870, 2, 47, 4, 3),
(787, 2871, 9, 47, 6, 2),
(788, 2872, 12, 47, 5, 3),
(789, 2873, 14, 47, 9, 2),
(790, 2874, 8, 47, 11, 3),
(791, 2875, 6, 47, 12, 3),
(792, 2876, 17, 47, 13, 12),
(793, 2877, 11, 47, 10, 2),
(794, 2878, 17, 47, 15, 12),
(795, 2879, 3, 49, 2, 3),
(796, 2880, 17, 47, 16, 17),
(797, 2881, 2, 46, 3, 2),
(798, 2882, 5, 49, 4, 3),
(799, 2883, 17, 36, 17, 17),
(800, 2884, 5, 49, 1, 2),
(801, 2885, 16, 44, 10, 2),
(802, 2886, 4, 49, 3, 2),
(803, 2887, 6, 49, 5, 3),
(804, 2888, 5, 49, 7, 2),
(805, 2889, 6, 49, 6, 2),
(806, 2890, 2, 49, 12, 3),
(807, 2891, 17, 42, 15, 12),
(808, 2892, 5, 48, 1, 2),
(809, 2893, 17, 36, 18, 17),
(810, 2894, 15, 48, 3, 3),
(811, 2895, 17, 47, 18, 17),
(812, 2896, 14, 48, 7, 2),
(813, 2897, 4, 48, 4, 2),
(814, 2898, 12, 48, 5, 2),
(815, 2899, 11, 48, 2, 2),
(816, 2900, 9, 49, 11, 3),
(817, 2901, 16, 48, 8, 3),
(818, 2902, 9, 48, 9, 3),
(819, 2903, 17, 39, 16, 17),
(820, 2904, 6, 48, 6, 3),
(821, 2905, 2, 48, 10, 3),
(822, 2906, 17, 48, 13, 12),
(823, 2907, 7, 48, 12, 3),
(824, 2908, 8, 48, 11, 2),
(825, 2909, 17, 49, 14, 12),
(826, 2910, 6, 49, 9, 2),
(827, 2911, 14, 49, 8, 3),
(828, 2912, 17, 49, 15, 12),
(829, 2913, 11, 50, 2, 2),
(830, 2917, 17, 49, 13, 12),
(831, 2914, 1, 50, 6, 2),
(832, 2915, 13, 50, 1, 2),
(833, 2916, 8, 50, 4, 4),
(834, 2918, 7, 50, 7, 3),
(835, 2919, 1, 50, 3, 3),
(836, 2920, 4, 50, 5, 2),
(837, 2921, 13, 50, 9, 2),
(838, 2922, 11, 50, 10, 3),
(839, 2923, 2, 50, 8, 2),
(840, 2924, 1, 50, 12, 2),
(841, 2925, 17, 45, 15, 12),
(842, 2927, 12, 50, 11, 3),
(843, 2926, 17, 48, 14, 12),
(844, 2928, 17, 50, 13, 12),
(845, 2929, 8, 49, 10, 2),
(846, 2930, 17, 49, 18, 17),
(847, 2931, 17, 47, 17, 17),
(848, 2932, 17, 50, 16, 17),
(849, 2933, 17, 50, 18, 17),
(850, 2934, 4, 52, 1, 2),
(851, 2935, 5, 52, 3, 2),
(852, 2936, 3, 52, 2, 2),
(853, 2937, 5, 52, 5, 2),
(854, 2938, 17, 49, 16, 17),
(855, 2939, 5, 52, 8, 2),
(856, 2940, 17, 48, 18, 17),
(857, 2941, 17, 45, 17, 17),
(858, 2942, 7, 52, 6, 3),
(859, 2943, 1, 52, 9, 3),
(860, 2944, 11, 52, 10, 3),
(861, 2945, 13, 52, 11, 3),
(862, 2946, 17, 48, 16, 17),
(863, 2947, 17, 48, 17, 17),
(864, 2948, 17, 47, 14, 12),
(865, 2949, 13, 51, 1, 2),
(866, 2950, 17, 50, 17, 17),
(867, 2951, 8, 51, 4, 2),
(868, 2952, 5, 51, 8, 2),
(869, 2953, 1, 51, 10, 3),
(870, 2954, 17, 51, 13, 12),
(871, 2955, 5, 52, 7, 2),
(872, 2956, 2, 51, 11, 3),
(873, 2957, 6, 51, 9, 2),
(874, 2958, 12, 51, 7, 2),
(875, 2959, 11, 51, 12, 3),
(876, 2960, 17, 50, 14, 12),
(877, 2961, 17, 46, 17, 17),
(878, 2962, 6, 52, 12, 4),
(879, 2963, 17, 48, 15, 12),
(880, 2964, 14, 51, 2, 2),
(881, 2965, 17, 51, 18, 17),
(882, 2966, 8, 52, 4, 2),
(883, 2967, 9, 53, 3, 2),
(884, 2968, 5, 53, 2, 3),
(885, 2969, 17, 51, 14, 12),
(886, 2970, 1, 53, 4, 2),
(887, 2971, 3, 53, 1, 2),
(888, 2972, 2, 53, 5, 2),
(889, 2973, 17, 45, 18, 17),
(890, 2974, 15, 53, 9, 2),
(891, 2975, 16, 53, 8, 2),
(892, 2976, 5, 53, 7, 2),
(893, 2977, 11, 53, 10, 2),
(894, 2978, 13, 53, 12, 4),
(895, 2979, 17, 53, 13, 12),
(896, 2980, 17, 52, 17, 17),
(897, 2981, 5, 53, 11, 4),
(898, 2982, 17, 51, 17, 17),
(899, 2984, 17, 52, 18, 17),
(900, 2983, 6, 51, 5, 3),
(901, 2985, 17, 53, 17, 17),
(902, 2986, 5, 54, 1, 2),
(903, 2987, 16, 51, 6, 2),
(904, 2988, 15, 54, 8, 2),
(905, 2989, 11, 54, 5, 2),
(906, 2990, 5, 54, 2, 2),
(907, 2991, 14, 54, 3, 3),
(908, 2992, 5, 54, 4, 2),
(909, 2994, 5, 54, 6, 2),
(910, 2995, 11, 54, 7, 3),
(911, 2996, 17, 52, 14, 12),
(912, 2993, 17, 52, 13, 12),
(913, 2997, 17, 53, 16, 17),
(914, 2999, 1, 54, 11, 3),
(915, 2998, 16, 54, 9, 3),
(916, 3000, 17, 53, 15, 12),
(917, 3001, 17, 53, 18, 17),
(918, 3002, 17, 49, 17, 17),
(919, 3003, 17, 54, 15, 12),
(920, 3004, 17, 54, 17, 17),
(921, 3005, 11, 56, 1, 2),
(922, 3006, 17, 54, 18, 17),
(923, 3007, 6, 56, 3, 3),
(924, 3008, 11, 56, 5, 2),
(925, 3009, 4, 56, 4, 3),
(926, 3010, 2, 56, 6, 2),
(927, 3011, 6, 56, 2, 2),
(928, 3012, 6, 54, 12, 3),
(929, 3013, 16, 56, 9, 2),
(930, 3014, 6, 56, 10, 2),
(931, 3015, 17, 53, 14, 12),
(932, 3016, 17, 56, 13, 12),
(933, 3017, 5, 51, 3, 4),
(934, 3018, 17, 54, 13, 12),
(935, 3019, 1, 56, 11, 4),
(936, 3020, 15, 55, 1, 2),
(937, 3021, 17, 54, 16, 17),
(938, 3022, 7, 55, 3, 3),
(939, 3023, 17, 56, 17, 17),
(940, 3024, 4, 55, 4, 2),
(941, 3025, 5, 55, 2, 2),
(942, 3026, 4, 55, 6, 3),
(943, 3027, 12, 55, 5, 2),
(944, 3028, 17, 52, 16, 17),
(945, 3029, 16, 55, 10, 2),
(946, 3030, 14, 56, 7, 3),
(947, 3031, 2, 55, 8, 2),
(948, 3032, 11, 55, 12, 4),
(949, 3033, 7, 55, 11, 4),
(950, 3034, 14, 55, 9, 2),
(951, 3035, 17, 55, 14, 12),
(952, 3036, 17, 56, 14, 12),
(953, 3037, 17, 50, 15, 12),
(954, 3038, 17, 55, 13, 12),
(955, 3039, 17, 51, 15, 12),
(956, 3040, 17, 56, 18, 17),
(957, 3041, 17, 55, 18, 17),
(958, 3042, 5, 57, 2, 2),
(959, 3043, 15, 57, 1, 2),
(960, 3044, 14, 57, 4, 2),
(961, 3045, 5, 57, 3, 3),
(962, 3046, 9, 57, 6, 2),
(963, 3047, 2, 57, 7, 2),
(964, 3048, 6, 57, 5, 3),
(965, 3049, 14, 57, 8, 2),
(966, 3050, 6, 55, 7, 2),
(967, 3051, 16, 57, 10, 2),
(968, 3052, 5, 53, 6, 3),
(969, 3053, 7, 57, 11, 4),
(970, 3054, 6, 57, 9, 2),
(971, 3055, 7, 57, 12, 4),
(972, 3056, 7, 56, 12, 3),
(973, 3057, 17, 57, 15, 12),
(974, 3058, 3, 56, 8, 2),
(975, 3059, 17, 55, 15, 12),
(976, 3060, 4, 54, 10, 3),
(977, 3061, 17, 55, 17, 17),
(978, 3062, 17, 54, 14, 12),
(979, 3063, 17, 52, 15, 12),
(980, 3064, 17, 56, 16, 17),
(981, 3065, 17, 57, 13, 12),
(982, 3066, 17, 57, 14, 12),
(983, 3067, 17, 57, 16, 17),
(984, 3068, 17, 57, 18, 17),
(985, 3069, 17, 56, 15, 12),
(986, 3070, 17, 57, 17, 17),
(987, 3071, 17, 51, 16, 17),
(988, 3072, 17, 55, 16, 17);

-- --------------------------------------------------------

--
-- Table structure for table `task_images`
--

CREATE TABLE `task_images` (
  `id` int(11) NOT NULL,
  `filePath` varchar(100) NOT NULL
) ENGINE=InnoDB DEFAULT CHARSET=utf8mb4;

--
-- Dumping data for table `task_images`
--

INSERT INTO `task_images` (`id`, `filePath`) VALUES
(2085, 'file-1664470508344'),
(2086, 'file-1664470508273'),
(2087, 'file-1664470508350'),
(2088, 'file-1664470508401'),
(2089, 'file-1664470508353'),
(2090, 'file-1664470508293'),
(2091, 'file-1664470508278'),
(2092, 'file-1664470508306'),
(2093, 'file-1664470508358'),
(2094, 'file-1664470508255'),
(2095, 'file-1664470508262'),
(2096, 'file-1664470508406'),
(2097, 'file-1664470508226'),
(2098, 'file-1664470508369'),
(2099, 'file-1664470508518'),
(2100, 'file-1664470508514'),
(2101, 'file-1664470508310'),
(2102, 'file-1664470508269'),
(2103, 'file-1664470508526'),
(2104, 'file-1664470508266'),
(2105, 'file-1664470508383'),
(2106, 'file-1664470508286'),
(2107, 'file-1664470508510'),
(2108, 'file-1664470508495'),
(2109, 'file-1664470508548'),
(2110, 'file-1664470508543'),
(2111, 'file-1664470508321'),
(2112, 'file-1664470508504'),
(2113, 'file-1664470508539'),
(2114, 'file-1664470508594'),
(2115, 'file-1664470508581'),
(2116, 'file-1664470508433'),
(2117, 'file-1664470508373'),
(2118, 'file-1664470508490'),
(2119, 'file-1664470508446'),
(2120, 'file-1664470508599'),
(2121, 'file-1664470508573'),
(2122, 'file-1664470508602'),
(2123, 'file-1664470508631'),
(2124, 'file-1664470508614'),
(2125, 'file-1664470508563'),
(2126, 'file-1664470508617'),
(2127, 'file-1664470508499'),
(2128, 'file-1664470508569'),
(2129, 'file-1664470508597'),
(2130, 'file-1664470508609'),
(2131, 'file-1664470508607'),
(2132, 'file-1664470508656'),
(2133, 'file-1664470508450'),
(2134, 'file-1664470508650'),
(2135, 'file-1664470508652'),
(2136, 'file-1664470508611'),
(2137, 'file-1664470508645'),
(2138, 'file-1664470508552'),
(2139, 'file-1664470508642'),
(2140, 'file-1664470508648'),
(2141, 'file-1664470508637'),
(2142, 'file-1664470508654'),
(2143, 'file-1664470508651'),
(2144, 'file-1664470508634'),
(2145, 'file-1664470508664'),
(2146, 'file-1664470508657'),
(2147, 'file-1664470508428'),
(2148, 'file-1664470508522'),
(2149, 'file-1664470508576'),
(2150, 'file-1664470508662'),
(2151, 'file-1664470508300'),
(2152, 'file-1664470508644'),
(2153, 'file-1664470508647'),
(2154, 'file-1664470508701'),
(2155, 'file-1664470508697'),
(2156, 'file-1664470508704'),
(2157, 'file-1664470508468'),
(2158, 'file-1664470508659'),
(2159, 'file-1664470508724'),
(2160, 'file-1664470508681'),
(2161, 'file-1664470508722'),
(2162, 'file-1664470508699'),
(2163, 'file-1664470508727'),
(2164, 'file-1664470508729'),
(2165, 'file-1664470508734'),
(2166, 'file-1664470508739'),
(2167, 'file-1664470508604'),
(2168, 'file-1664470508463'),
(2169, 'file-1664470508669'),
(2170, 'file-1664470508741'),
(2171, 'file-1664470508759'),
(2172, 'file-1664470508693'),
(2173, 'file-1664470508774'),
(2174, 'file-1664470508772'),
(2175, 'file-1664470508811'),
(2176, 'file-1664470508782'),
(2177, 'file-1664470508690'),
(2178, 'file-1664470508439'),
(2179, 'file-1664470508813'),
(2180, 'file-1664470508744'),
(2181, 'file-1664470508687'),
(2182, 'file-1664470508756'),
(2183, 'file-1664470508822'),
(2184, 'file-1664470508828'),
(2185, 'file-1664470508825'),
(2186, 'file-1664470508777'),
(2187, 'file-1664470508736'),
(2188, 'file-1664470508816'),
(2189, 'file-1664470508766'),
(2190, 'file-1664470508872'),
(2191, 'file-1664470508875'),
(2192, 'file-1664470508870'),
(2193, 'file-1664470508762'),
(2194, 'file-1664470508878'),
(2195, 'file-1664470508719'),
(2196, 'file-1664470508883'),
(2197, 'file-1664470508881'),
(2198, 'file-1664470508831'),
(2199, 'file-1664470508918'),
(2200, 'file-1664470508805'),
(2201, 'file-1664470508849'),
(2202, 'file-1664470508920'),
(2203, 'file-1664470508557'),
(2204, 'file-1664470508857'),
(2205, 'file-1664470508769'),
(2206, 'file-1664470508315'),
(2207, 'file-1664470508364'),
(2208, 'file-1664470508340'),
(2209, 'file-1664470508926'),
(2210, 'file-1664470508327'),
(2211, 'file-1664470508923'),
(2212, 'file-1664470508912'),
(2213, 'file-1664470508934'),
(2214, 'file-1664470508914'),
(2215, 'file-1664470508906'),
(2216, 'file-1664470508808'),
(2217, 'file-1664470508962'),
(2218, 'file-1664470508970'),
(2219, 'file-1664470508959'),
(2220, 'file-1664470508909'),
(2221, 'file-1664470508477'),
(2222, 'file-1664470508975'),
(2223, 'file-1664470508929'),
(2224, 'file-1664470508472'),
(2225, 'file-1664470508972'),
(2226, 'file-1664470508977'),
(2227, 'file-1664470508980'),
(2228, 'file-1664470508956'),
(2229, 'file-1664470508964'),
(2230, 'file-1664470508967'),
(2231, 'file-1664470509057'),
(2232, 'file-1664470509017'),
(2233, 'file-1664470509040'),
(2234, 'file-1664470509023'),
(2235, 'file-1664470509060'),
(2236, 'file-1664470509031'),
(2237, 'file-1664470509065'),
(2238, 'file-1664470509062'),
(2239, 'file-1664470509073'),
(2240, 'file-1664470509070'),
(2241, 'file-1664470509081'),
(2242, 'file-1664470509078'),
(2243, 'file-1664470508779'),
(2244, 'file-1664470509111'),
(2245, 'file-1664470508931'),
(2246, 'file-1664470508819'),
(2247, 'file-1664470509014'),
(2248, 'file-1664470509008'),
(2249, 'file-1664470509125'),
(2250, 'file-1664470509118'),
(2251, 'file-1664470509037'),
(2252, 'file-1664470509130'),
(2253, 'file-1664470509020'),
(2254, 'file-1664470509027'),
(2255, 'file-1664470509067'),
(2256, 'file-1664470509155'),
(2257, 'file-1664470509104'),
(2258, 'file-1664470509011'),
(2259, 'file-1664470509158'),
(2260, 'file-1664470509161'),
(2261, 'file-1664470509167'),
(2262, 'file-1664470509172'),
(2263, 'file-1664470509169'),
(2264, 'file-1664470509199'),
(2265, 'file-1664470509201'),
(2266, 'file-1664470509127'),
(2267, 'file-1664470508684'),
(2268, 'file-1664470509132'),
(2269, 'file-1664470509101'),
(2270, 'file-1664470509216'),
(2271, 'file-1664470508854'),
(2272, 'file-1664470509214'),
(2273, 'file-1664470509224'),
(2274, 'file-1664470509221'),
(2275, 'file-1664470509174'),
(2276, 'file-1664470509238'),
(2277, 'file-1664470509177'),
(2278, 'file-1664470509246'),
(2279, 'file-1664470509243'),
(2280, 'file-1664470509204'),
(2281, 'file-1664470509253'),
(2282, 'file-1664470509251'),
(2283, 'file-1664470509258'),
(2284, 'file-1664470509208'),
(2285, 'file-1664470509075'),
(2286, 'file-1664470509291'),
(2287, 'file-1664470509295'),
(2288, 'file-1664470509219'),
(2289, 'file-1664470509152'),
(2290, 'file-1664470509300'),
(2291, 'file-1664470509331'),
(2292, 'file-1664470509340'),
(2293, 'file-1664470509311'),
(2294, 'file-1664470509241'),
(2295, 'file-1664470509303'),
(2296, 'file-1664470509342'),
(2297, 'file-1664470509347'),
(2298, 'file-1664470509350'),
(2299, 'file-1664470509263'),
(2300, 'file-1664470509248'),
(2301, 'file-1664470509353'),
(2302, 'file-1664470509380'),
(2303, 'file-1664470509293'),
(2304, 'file-1664470509357'),
(2305, 'file-1664470509386'),
(2306, 'file-1664470509392'),
(2307, 'file-1664470509337'),
(2308, 'file-1664470509389'),
(2309, 'file-1664470509383'),
(2310, 'file-1664470509400'),
(2311, 'file-1664470509426'),
(2312, 'file-1664470509395'),
(2313, 'file-1664470509397'),
(2314, 'file-1664470509429'),
(2315, 'file-1664470509403'),
(2316, 'file-1664470509438'),
(2317, 'file-1664470509434'),
(2318, 'file-1664470509444'),
(2319, 'file-1664470509448'),
(2320, 'file-1664470509458'),
(2321, 'file-1664470509484'),
(2322, 'file-1664470509478'),
(2323, 'file-1664470509481'),
(2324, 'file-1664470509490'),
(2325, 'file-1664470509492'),
(2326, 'file-1664470509255'),
(2327, 'file-1664470509345'),
(2328, 'file-1664470509495'),
(2329, 'file-1664470509500'),
(2330, 'file-1664470509502'),
(2331, 'file-1664470509497'),
(2332, 'file-1664470509513'),
(2333, 'file-1664470509516'),
(2334, 'file-1664470509527'),
(2335, 'file-1664470509278'),
(2336, 'file-1664470509334'),
(2337, 'file-1664470509487'),
(2338, 'file-1664470509536'),
(2339, 'file-1664470509555'),
(2340, 'file-1664470509567'),
(2341, 'file-1664470509550'),
(2342, 'file-1664470509441'),
(2343, 'file-1664470509570'),
(2344, 'file-1664470509572'),
(2345, 'file-1664470509587'),
(2346, 'file-1664470509560'),
(2347, 'file-1664470509563'),
(2348, 'file-1664470509593'),
(2349, 'file-1664470509107'),
(2350, 'file-1664470509451'),
(2351, 'file-1664470509455'),
(2352, 'file-1664470509211'),
(2353, 'file-1664470509602'),
(2354, 'file-1664470509533'),
(2355, 'file-1664470509553'),
(2356, 'file-1664470509595'),
(2357, 'file-1664470509607'),
(2358, 'file-1664470509611'),
(2359, 'file-1664470509641'),
(2360, 'file-1664470509613'),
(2361, 'file-1664470509638'),
(2362, 'file-1664470509605'),
(2363, 'file-1664470509644'),
(2364, 'file-1664470509632'),
(2365, 'file-1664470509521'),
(2366, 'file-1664470509649'),
(2367, 'file-1664470509646'),
(2368, 'file-1664470509654'),
(2369, 'file-1664470509651'),
(2370, 'file-1664470509518'),
(2371, 'file-1664470509538'),
(2372, 'file-1664470509557'),
(2373, 'file-1664470509314'),
(2374, 'file-1664470509677'),
(2375, 'file-1664470509682'),
(2376, 'file-1664470509686'),
(2377, 'file-1664470509689'),
(2378, 'file-1664470509635'),
(2379, 'file-1664470509694'),
(2380, 'file-1664470509718'),
(2381, 'file-1664470509696'),
(2382, 'file-1664470509714'),
(2383, 'file-1664470509721'),
(2384, 'file-1664470509724'),
(2385, 'file-1664470509730'),
(2386, 'file-1664470509590'),
(2387, 'file-1664470509699'),
(2388, 'file-1664470509781'),
(2389, 'file-1664470509777'),
(2390, 'file-1664470509772'),
(2391, 'file-1664470509784'),
(2392, 'file-1664470509793'),
(2393, 'file-1664470509835'),
(2394, 'file-1664470509787'),
(2395, 'file-1664470509798'),
(2396, 'file-1664470509831'),
(2397, 'file-1664470509790'),
(2398, 'file-1664470509795'),
(2399, 'file-1664470509524'),
(2400, 'file-1664470509840'),
(2401, 'file-1664470509656'),
(2402, 'file-1664470509837'),
(2403, 'file-1664470509287'),
(2404, 'file-1664470509736'),
(2405, 'file-1664470509873'),
(2406, 'file-1664470509575'),
(2407, 'file-1664470509114'),
(2408, 'file-1664470509883'),
(2409, 'file-1664470509888'),
(2410, 'file-1664470509885'),
(2411, 'file-1664470509878'),
(2412, 'file-1664470509876'),
(2413, 'file-1664470509892'),
(2414, 'file-1664470509895'),
(2415, 'file-1664470509897'),
(2416, 'file-1664470509890'),
(2417, 'file-1664470509763'),
(2418, 'file-1664470509739'),
(2419, 'file-1664470509909'),
(2420, 'file-1664470509691'),
(2421, 'file-1664470509919'),
(2422, 'file-1664470509881'),
(2423, 'file-1664470509924'),
(2424, 'file-1664470509376'),
(2425, 'file-1664470509959'),
(2426, 'file-1664470509599'),
(2427, 'file-1664470509964'),
(2428, 'file-1664470509966'),
(2429, 'file-1664470509962'),
(2430, 'file-1664470509852'),
(2431, 'file-1664470509854'),
(2432, 'file-1664470509974'),
(2433, 'file-1664470509969'),
(2434, 'file-1664470509915'),
(2435, 'file-1664470509530'),
(2436, 'file-1664470509282'),
(2437, 'file-1664470510011'),
(2438, 'file-1664470510014'),
(2439, 'file-1664470509952'),
(2440, 'file-1664470509669'),
(2441, 'file-1664470509801'),
(2442, 'file-1664470510045'),
(2443, 'file-1664470510043'),
(2444, 'file-1664470509912'),
(2445, 'file-1664470509928'),
(2446, 'file-1664470510051'),
(2447, 'file-1664470510056'),
(2448, 'file-1664470509727'),
(2449, 'file-1664470509931'),
(2450, 'file-1664470509954'),
(2451, 'file-1664470510005'),
(2452, 'file-1664470509937'),
(2453, 'file-1664470509733'),
(2454, 'file-1664470510090'),
(2455, 'file-1664470509972'),
(2456, 'file-1664470509934'),
(2457, 'file-1664470509957'),
(2458, 'file-1664470510088'),
(2459, 'file-1664470510098'),
(2460, 'file-1664470510048'),
(2461, 'file-1664470510095'),
(2462, 'file-1664470509949'),
(2463, 'file-1664470509999'),
(2464, 'file-1664470510053'),
(2465, 'file-1664470510059'),
(2466, 'file-1664470510120'),
(2467, 'file-1664470510100'),
(2468, 'file-1664470510062'),
(2469, 'file-1664470509842'),
(2470, 'file-1664470510002'),
(2471, 'file-1664470510122'),
(2472, 'file-1664470510016'),
(2473, 'file-1664470510008'),
(2474, 'file-1664470509848'),
(2475, 'file-1664470510037'),
(2476, 'file-1664470510019'),
(2477, 'file-1664470509845'),
(2478, 'file-1664470510040'),
(2479, 'file-1664470510126'),
(2480, 'file-1664470510134'),
(2481, 'file-1664470510131'),
(2482, 'file-1664470510034'),
(2483, 'file-1664470510155'),
(2484, 'file-1664470510158'),
(2485, 'file-1664470510169'),
(2486, 'file-1664470509673'),
(2487, 'file-1664470510161'),
(2488, 'file-1664470510078'),
(2489, 'file-1664470510129'),
(2490, 'file-1664470510176'),
(2491, 'file-1664470510084'),
(2492, 'file-1664470510195'),
(2493, 'file-1664470510204'),
(2494, 'file-1664470510124'),
(2495, 'file-1664470510137'),
(2496, 'file-1664470510238'),
(2497, 'file-1664470510245'),
(2498, 'file-1664470510234'),
(2499, 'file-1664470510218'),
(2500, 'file-1664470510242'),
(2501, 'file-1664470510249'),
(2502, 'file-1664470510252'),
(2503, 'file-1664470510093'),
(2504, 'file-1664470510289'),
(2505, 'file-1664470509994'),
(2506, 'file-1664470510259'),
(2507, 'file-1664470510174'),
(2508, 'file-1664470510302'),
(2509, 'file-1664470510305'),
(2510, 'file-1664470510336'),
(2511, 'file-1664470510333'),
(2512, 'file-1664470510325'),
(2513, 'file-1664470510141'),
(2514, 'file-1664470510339'),
(2515, 'file-1664470510282'),
(2516, 'file-1664470510198'),
(2517, 'file-1664470510348'),
(2518, 'file-1664470510342'),
(2519, 'file-1664470510345'),
(2520, 'file-1664470510350'),
(2521, 'file-1664470510201'),
(2522, 'file-1664470510171'),
(2523, 'file-1664470510295'),
(2524, 'file-1664470510255'),
(2525, 'file-1664470510369'),
(2526, 'file-1664470510193'),
(2527, 'file-1664470510188'),
(2528, 'file-1664470510390'),
(2529, 'file-1664470510331'),
(2530, 'file-1664470510397'),
(2531, 'file-1664470510410'),
(2532, 'file-1664470509121'),
(2533, 'file-1664470510375'),
(2534, 'file-1664470510215'),
(2535, 'file-1664470510292'),
(2536, 'file-1664470510257'),
(2537, 'file-1664470510352'),
(2538, 'file-1664470510381'),
(2539, 'file-1664470510279'),
(2540, 'file-1664470510115'),
(2541, 'file-1664470510392'),
(2542, 'file-1664470510262'),
(2543, 'file-1664470510166'),
(2544, 'file-1664470510426'),
(2545, 'file-1664470510423'),
(2546, 'file-1664470510432'),
(2547, 'file-1664470510429'),
(2548, 'file-1664470510412'),
(2549, 'file-1664470510465'),
(2550, 'file-1664470510459'),
(2551, 'file-1664470510467'),
(2552, 'file-1664470510456'),
(2553, 'file-1664470510163'),
(2554, 'file-1664470510473'),
(2555, 'file-1664470510384'),
(2556, 'file-1664470510387'),
(2557, 'file-1664470510206'),
(2558, 'file-1664470510434'),
(2559, 'file-1664470510190'),
(2560, 'file-1664470510503'),
(2561, 'file-1664470510506'),
(2562, 'file-1664470510117'),
(2563, 'file-1664470510508'),
(2564, 'file-1664470510511'),
(2565, 'file-1664470510454'),
(2566, 'file-1664470510513'),
(2567, 'file-1664470510462'),
(2568, 'file-1664470510554'),
(2569, 'file-1664470510372'),
(2570, 'file-1664470510286'),
(2571, 'file-1664470510561'),
(2572, 'file-1664470510500'),
(2573, 'file-1664470510570'),
(2574, 'file-1664470510599'),
(2575, 'file-1664470510575'),
(2576, 'file-1664470510418'),
(2577, 'file-1664470510421'),
(2578, 'file-1664470510596'),
(2579, 'file-1664470510081'),
(2580, 'file-1664470510604'),
(2581, 'file-1664470510602'),
(2582, 'file-1664470510609'),
(2583, 'file-1664470510607'),
(2584, 'file-1664470510470'),
(2585, 'file-1664470510518'),
(2586, 'file-1664470510475'),
(2587, 'file-1664470510478'),
(2588, 'file-1664470510644'),
(2589, 'file-1664470510652'),
(2590, 'file-1664470510674'),
(2591, 'file-1664470510676'),
(2592, 'file-1664470510655'),
(2593, 'file-1664470510615'),
(2594, 'file-1664470510611'),
(2595, 'file-1664470510678'),
(2596, 'file-1664470510299'),
(2597, 'file-1664470510378'),
(2598, 'file-1664470510515'),
(2599, 'file-1664470510415'),
(2600, 'file-1664470510621'),
(2601, 'file-1664470510697'),
(2602, 'file-1664470510647'),
(2603, 'file-1664470510209'),
(2604, 'file-1664470510718'),
(2605, 'file-1664470510721'),
(2606, 'file-1664470510726'),
(2607, 'file-1664470510723'),
(2608, 'file-1664470510700'),
(2609, 'file-1664470510658'),
(2610, 'file-1664470510729'),
(2611, 'file-1664470510735'),
(2612, 'file-1664470510738'),
(2613, 'file-1664470510671'),
(2614, 'file-1664470510740'),
(2615, 'file-1664470510564'),
(2616, 'file-1664470510558'),
(2617, 'file-1664470510567'),
(2618, 'file-1664470510743'),
(2619, 'file-1664470510550'),
(2620, 'file-1664470510757'),
(2621, 'file-1664470510760'),
(2622, 'file-1664470510573'),
(2623, 'file-1664470510450'),
(2624, 'file-1664470510649'),
(2625, 'file-1664470510638'),
(2626, 'file-1664470510731'),
(2627, 'file-1664470510783'),
(2628, 'file-1664470510781'),
(2629, 'file-1664470510778'),
(2630, 'file-1664470510544'),
(2631, 'file-1664470510803'),
(2632, 'file-1664470510800'),
(2633, 'file-1664470510684'),
(2634, 'file-1664470510641'),
(2635, 'file-1664470510812'),
(2636, 'file-1664470510814'),
(2637, 'file-1664470510834'),
(2638, 'file-1664470510848'),
(2639, 'file-1664470510840'),
(2640, 'file-1664470510846'),
(2641, 'file-1664470510618'),
(2642, 'file-1664470510837'),
(2643, 'file-1664470510853'),
(2644, 'file-1664470510851'),
(2645, 'file-1664470510521'),
(2646, 'file-1664470510843'),
(2647, 'file-1664470510860'),
(2648, 'file-1664470510858'),
(2649, 'file-1664470510855'),
(2650, 'file-1664470510810'),
(2651, 'file-1664470510817'),
(2652, 'file-1664470510911'),
(2653, 'file-1664470510916'),
(2654, 'file-1664470510789'),
(2655, 'file-1664470510921'),
(2656, 'file-1664470510879'),
(2657, 'file-1664470510918'),
(2658, 'file-1664470510681'),
(2659, 'file-1664470510925'),
(2660, 'file-1664470510808'),
(2661, 'file-1664470510886'),
(2662, 'file-1664470510889'),
(2663, 'file-1664470510693'),
(2664, 'file-1664470510690'),
(2665, 'file-1664470510929'),
(2666, 'file-1664470510927'),
(2667, 'file-1664470510934'),
(2668, 'file-1664470510932'),
(2669, 'file-1664470510891'),
(2670, 'file-1664470510943'),
(2671, 'file-1664470510945'),
(2672, 'file-1664470510948'),
(2673, 'file-1664470510953'),
(2674, 'file-1664470510896'),
(2675, 'file-1664470510956'),
(2676, 'file-1664470510980'),
(2677, 'file-1664470510962'),
(2678, 'file-1664470510688'),
(2679, 'file-1664470510884'),
(2680, 'file-1664470510876'),
(2681, 'file-1664470510983'),
(2682, 'file-1664470510986'),
(2683, 'file-1664470510805'),
(2684, 'file-1664470510992'),
(2685, 'file-1664470510994'),
(2686, 'file-1664470510989'),
(2687, 'file-1664470510763'),
(2688, 'file-1664470510997'),
(2689, 'file-1664470510909'),
(2690, 'file-1664470510774'),
(2691, 'file-1664470511000'),
(2692, 'file-1664470511005'),
(2693, 'file-1664470510959'),
(2694, 'file-1664470510786'),
(2695, 'file-1664470511023'),
(2696, 'file-1664470511008'),
(2697, 'file-1664470511029'),
(2698, 'file-1664470510771'),
(2699, 'file-1664470510767'),
(2700, 'file-1664470511074'),
(2701, 'file-1664470511068'),
(2702, 'file-1664470510820'),
(2703, 'file-1664470511063'),
(2704, 'file-1664470511071'),
(2705, 'file-1664470511082'),
(2706, 'file-1664470511002'),
(2707, 'file-1664470511086'),
(2708, 'file-1664470511106'),
(2709, 'file-1664470511109'),
(2710, 'file-1664470511089'),
(2711, 'file-1664470511080'),
(2712, 'file-1664470511112'),
(2713, 'file-1664470510882'),
(2714, 'file-1664470511032'),
(2715, 'file-1664470511114'),
(2716, 'file-1664470511129'),
(2717, 'file-1664470511127'),
(2718, 'file-1664470511146'),
(2719, 'file-1664470511154'),
(2720, 'file-1664470511143'),
(2721, 'file-1664470511148'),
(2722, 'file-1664470511168'),
(2723, 'file-1664470511160'),
(2724, 'file-1664470511157'),
(2725, 'file-1664470510965'),
(2726, 'file-1664470511165'),
(2727, 'file-1664470511132'),
(2728, 'file-1664470511035'),
(2729, 'file-1664470511061'),
(2730, 'file-1664470511225'),
(2731, 'file-1664470511197'),
(2732, 'file-1664470511194'),
(2733, 'file-1664470511207'),
(2734, 'file-1664470511212'),
(2735, 'file-1664470511209'),
(2736, 'file-1664470511200'),
(2737, 'file-1664470511230'),
(2738, 'file-1664470511227'),
(2739, 'file-1664470511234'),
(2740, 'file-1664470511163'),
(2741, 'file-1664470511182'),
(2742, 'file-1664470511026'),
(2743, 'file-1664470511203'),
(2744, 'file-1664470511124'),
(2745, 'file-1664470511240'),
(2746, 'file-1664470511046'),
(2747, 'file-1664470511270'),
(2748, 'file-1664470511267'),
(2749, 'file-1664470511048'),
(2750, 'file-1664470511275'),
(2751, 'file-1664470511273'),
(2752, 'file-1664470511237'),
(2753, 'file-1664470511281'),
(2754, 'file-1664470511286'),
(2755, 'file-1664470511283'),
(2756, 'file-1664470511288'),
(2757, 'file-1664470511313'),
(2758, 'file-1664470511311'),
(2759, 'file-1664470511077'),
(2760, 'file-1664470511319'),
(2761, 'file-1664470511316'),
(2762, 'file-1664470511151'),
(2763, 'file-1664470511368'),
(2764, 'file-1664470511278'),
(2765, 'file-1664470511373'),
(2766, 'file-1664470511371'),
(2767, 'file-1664470511248'),
(2768, 'file-1664470511376'),
(2769, 'file-1664470511378'),
(2770, 'file-1664470511381'),
(2771, 'file-1664470511343'),
(2772, 'file-1664470511383'),
(2773, 'file-1664470510894'),
(2774, 'file-1664470511388'),
(2775, 'file-1664470511190'),
(2776, 'file-1664470511386'),
(2777, 'file-1664470511407'),
(2778, 'file-1664470511365'),
(2779, 'file-1664470511263'),
(2780, 'file-1664470511242'),
(2781, 'file-1664470511391'),
(2782, 'file-1664470511413'),
(2783, 'file-1664470511330'),
(2784, 'file-1664470511415'),
(2785, 'file-1664470511121'),
(2786, 'file-1664470511420'),
(2787, 'file-1664470511430'),
(2788, 'file-1664470511448'),
(2789, 'file-1664470511428'),
(2790, 'file-1664470511451'),
(2791, 'file-1664470511245'),
(2792, 'file-1664470508654'),
(2793, 'file-1664470511327'),
(2794, 'file-1664470511305'),
(2795, 'file-1664470511454'),
(2796, 'file-1664470511463'),
(2797, 'file-1664470511460'),
(2798, 'file-1664470511470'),
(2799, 'file-1664470511339'),
(2800, 'file-1664470511458'),
(2801, 'file-1664470511467'),
(2802, 'file-1664470511456'),
(2803, 'file-1664470511483'),
(2804, 'file-1664470511425'),
(2805, 'file-1664470511185'),
(2806, 'file-1664470511498'),
(2807, 'file-1664470511503'),
(2808, 'file-1664470511495'),
(2809, 'file-1664470511501'),
(2810, 'file-1664470511508'),
(2811, 'file-1664470511521'),
(2812, 'file-1664470511524'),
(2813, 'file-1664470511393'),
(2814, 'file-1664470511410'),
(2815, 'file-1664470511530'),
(2816, 'file-1664470511527'),
(2817, 'file-1664470511541'),
(2818, 'file-1664470511538'),
(2819, 'file-1664470511465'),
(2820, 'file-1664470511547'),
(2821, 'file-1664470511418'),
(2822, 'file-1664470511544'),
(2823, 'file-1664470511492'),
(2824, 'file-1664470511506'),
(2825, 'file-1664470511568'),
(2826, 'file-1664470511571'),
(2827, 'file-1664470511578'),
(2828, 'file-1664470511587'),
(2829, 'file-1664470511581'),
(2830, 'file-1664470510950'),
(2831, 'file-1664470511575'),
(2832, 'file-1664470511614'),
(2833, 'file-1664470511611'),
(2834, 'file-1664470510899'),
(2835, 'file-1664470511618'),
(2836, 'file-1664470511486'),
(2837, 'file-1664470511590'),
(2838, 'file-1664470511625'),
(2839, 'file-1664470511629'),
(2840, 'file-1664470511633'),
(2841, 'file-1664470511621'),
(2842, 'file-1664470511636'),
(2843, 'file-1664470511640'),
(2844, 'file-1664470511564'),
(2845, 'file-1664470511655'),
(2846, 'file-1664470511668'),
(2847, 'file-1664470511671'),
(2848, 'file-1664470511674'),
(2849, 'file-1664470511677'),
(2850, 'file-1664470511665'),
(2851, 'file-1664470511680'),
(2852, 'file-1664470511533'),
(2853, 'file-1664470511685'),
(2854, 'file-1664470511688'),
(2855, 'file-1664470511117'),
(2856, 'file-1664470511712'),
(2857, 'file-1664470511691'),
(2858, 'file-1664470511593'),
(2859, 'file-1664470511682'),
(2860, 'file-1664470511715'),
(2861, 'file-1664470511717'),
(2862, 'file-1664470511724'),
(2863, 'file-1664470511730'),
(2864, 'file-1664470511755'),
(2865, 'file-1664470511758'),
(2866, 'file-1664470511761'),
(2867, 'file-1664470511770'),
(2868, 'file-1664470511768'),
(2869, 'file-1664470511720'),
(2870, 'file-1664470511763'),
(2871, 'file-1664470511797'),
(2872, 'file-1664470511765'),
(2873, 'file-1664470511773'),
(2874, 'file-1664470511792'),
(2875, 'file-1664470511799'),
(2876, 'file-1664470511802'),
(2877, 'file-1664470511795'),
(2878, 'file-1664470511808'),
(2879, 'file-1664470511822'),
(2880, 'file-1664470511813'),
(2881, 'file-1664470511584'),
(2882, 'file-1664470511846'),
(2883, 'file-1664470511039'),
(2884, 'file-1664470511825'),
(2885, 'file-1664470511536'),
(2886, 'file-1664470511837'),
(2887, 'file-1664470511849'),
(2888, 'file-1664470511856'),
(2889, 'file-1664470511851'),
(2890, 'file-1664470511865'),
(2891, 'file-1664470511489'),
(2892, 'file-1664470511895'),
(2893, 'file-1664470511042'),
(2894, 'file-1664470511903'),
(2895, 'file-1664470511820'),
(2896, 'file-1664470511920'),
(2897, 'file-1664470511905'),
(2898, 'file-1664470511915'),
(2899, 'file-1664470511900'),
(2900, 'file-1664470511863'),
(2901, 'file-1664470511925'),
(2902, 'file-1664470511923'),
(2903, 'file-1664470511252'),
(2904, 'file-1664470511918'),
(2905, 'file-1664470511927'),
(2906, 'file-1664470511934'),
(2907, 'file-1664470511930'),
(2908, 'file-1664470511932'),
(2909, 'file-1664470511884'),
(2910, 'file-1664470511860'),
(2911, 'file-1664470511853'),
(2912, 'file-1664470511887'),
(2913, 'file-1664470511958'),
(2914, 'file-1664470511967'),
(2915, 'file-1664470511956'),
(2916, 'file-1664470511963'),
(2917, 'file-1664470511881'),
(2918, 'file-1664470511978'),
(2919, 'file-1664470511960'),
(2920, 'file-1664470511965'),
(2921, 'file-1664470511983'),
(2922, 'file-1664470511985'),
(2923, 'file-1664470511980'),
(2924, 'file-1664470511987'),
(2925, 'file-1664470511727'),
(2926, 'file-1664470511937'),
(2927, 'file-1664470511989'),
(2928, 'file-1664470511992'),
(2929, 'file-1664470511858'),
(2930, 'file-1664470511898'),
(2931, 'file-1664470511816'),
(2932, 'file-1664470512000'),
(2933, 'file-1664470512016'),
(2934, 'file-1664470512019'),
(2935, 'file-1664470512024'),
(2936, 'file-1664470512021'),
(2937, 'file-1664470512031'),
(2938, 'file-1664470511890'),
(2939, 'file-1664470512039'),
(2940, 'file-1664470511953'),
(2941, 'file-1664470511734'),
(2942, 'file-1664470512034'),
(2943, 'file-1664470512052'),
(2944, 'file-1664470512055'),
(2945, 'file-1664470512057'),
(2946, 'file-1664470511948'),
(2947, 'file-1664470511950'),
(2948, 'file-1664470511805'),
(2949, 'file-1664470512090'),
(2950, 'file-1664470512013'),
(2951, 'file-1664470512112'),
(2952, 'file-1664470512119'),
(2953, 'file-1664470512124'),
(2954, 'file-1664470512142'),
(2955, 'file-1664470512036'),
(2956, 'file-1664470512137'),
(2957, 'file-1664470512121'),
(2958, 'file-1664470512117'),
(2959, 'file-1664470512140'),
(2960, 'file-1664470511994'),
(2961, 'file-1664470511661'),
(2962, 'file-1664470512060'),
(2963, 'file-1664470511945'),
(2964, 'file-1664470512105'),
(2965, 'file-1664470512155'),
(2966, 'file-1664470512028'),
(2967, 'file-1664470512174'),
(2968, 'file-1664470512158'),
(2969, 'file-1664470512144'),
(2970, 'file-1664470512176'),
(2971, 'file-1664470512161'),
(2972, 'file-1664470512179'),
(2973, 'file-1664470511737'),
(2974, 'file-1664470512187'),
(2975, 'file-1664470512185'),
(2976, 'file-1664470512183'),
(2977, 'file-1664470512189'),
(2978, 'file-1664470512194'),
(2979, 'file-1664470512205'),
(2980, 'file-1664470512083'),
(2981, 'file-1664470512192'),
(2982, 'file-1664470512153'),
(2983, 'file-1664470512110'),
(2984, 'file-1664470512087'),
(2985, 'file-1664470512215'),
(2986, 'file-1664470512220'),
(2987, 'file-1664470512114'),
(2988, 'file-1664470512242'),
(2989, 'file-1664470512235'),
(2990, 'file-1664470512222'),
(2991, 'file-1664470512225'),
(2992, 'file-1664470512227'),
(2993, 'file-1664470512069'),
(2994, 'file-1664470512238'),
(2995, 'file-1664470512240'),
(2996, 'file-1664470512071'),
(2997, 'file-1664470512212'),
(2998, 'file-1664470512244'),
(2999, 'file-1664470512249'),
(3000, 'file-1664470512210'),
(3001, 'file-1664470512218'),
(3002, 'file-1664470511893'),
(3003, 'file-1664470512270'),
(3004, 'file-1664470512277'),
(3005, 'file-1664470512284'),
(3006, 'file-1664470512281'),
(3007, 'file-1664470512286'),
(3008, 'file-1664470512294'),
(3009, 'file-1664470512289'),
(3010, 'file-1664470512296'),
(3011, 'file-1664470512291'),
(3012, 'file-1664470512252'),
(3013, 'file-1664470512310'),
(3014, 'file-1664470512312'),
(3015, 'file-1664470512207'),
(3016, 'file-1664470512320'),
(3017, 'file-1664470512108'),
(3018, 'file-1664470512255'),
(3019, 'file-1664470512315'),
(3020, 'file-1664470512353'),
(3021, 'file-1664470512274'),
(3022, 'file-1664470512358'),
(3023, 'file-1664470512345'),
(3024, 'file-1664470512361'),
(3025, 'file-1664470512356'),
(3026, 'file-1664470512366'),
(3027, 'file-1664470512363'),
(3028, 'file-1664470512080'),
(3029, 'file-1664470512387'),
(3030, 'file-1664470512305'),
(3031, 'file-1664470512371'),
(3032, 'file-1664470512392'),
(3033, 'file-1664470512389'),
(3034, 'file-1664470512373'),
(3035, 'file-1664470512397'),
(3036, 'file-1664470512323'),
(3037, 'file-1664470511997'),
(3038, 'file-1664470512395'),
(3039, 'file-1664470512147'),
(3040, 'file-1664470512348'),
(3041, 'file-1664470512413'),
(3042, 'file-1664470512423'),
(3043, 'file-1664470512420'),
(3044, 'file-1664470512427'),
(3045, 'file-1664470512425'),
(3046, 'file-1664470512429'),
(3047, 'file-1664470512434'),
(3048, 'file-1664470512431'),
(3049, 'file-1664470512439'),
(3050, 'file-1664470512369'),
(3051, 'file-1664470512441'),
(3052, 'file-1664470512181'),
(3053, 'file-1664470512444'),
(3054, 'file-1664470512437'),
(3055, 'file-1664470512453'),
(3056, 'file-1664470512318'),
(3057, 'file-1664470512462'),
(3058, 'file-1664470512308'),
(3059, 'file-1664470512399'),
(3060, 'file-1664470512247'),
(3061, 'file-1664470512407'),
(3062, 'file-1664470512258'),
(3063, 'file-1664470512076'),
(3064, 'file-1664470512329'),
(3065, 'file-1664470512456'),
(3066, 'file-1664470512459'),
(3067, 'file-1664470512467'),
(3068, 'file-1664470512473'),
(3069, 'file-1664470512325'),
(3070, 'file-1664470512470'),
(3071, 'file-1664470512150'),
(3072, 'file-1664470512403');

-- --------------------------------------------------------

--
-- Table structure for table `users`
--

CREATE TABLE `users` (
  `id` int(11) NOT NULL,
  `email` varchar(46) NOT NULL,
  `passw` varchar(255) NOT NULL,
  `is_admin` tinyint(1) DEFAULT 0
) ENGINE=InnoDB DEFAULT CHARSET=utf8mb4;

--
-- Dumping data for table `users`
--

INSERT INTO `users` (`id`, `email`, `passw`, `is_admin`) VALUES
(2, 'zilahi_2@gmail.com', 'Hello', 0),
(3, 'zilahi_3@gmail.com', 'Hello', 0),
(4, 'test', 'test', 0),
(5, 'test22', 'test', 0),
(6, 'demo', 'demo1234', 0),
(7, 'hello_test', '12345', 0),
(8, 'newestdemo_check', 'Demo', 0),
(9, 'zilahijfodjfodsijf', 'widofjsdofjdsofjds', 0),
(10, 'zilahijfodjfodsijfr4r4r4', 'widofjsdofjdsofjds', 0),
(11, 'hello', 'Be+VbM7cCD0+IqcQkoEr+g==$au7q2dU8/zZWI31WZrmrzLSBFyb78+ObrMja9GrWOhV+KTnuITz+ExVOe0hmWzYzB8cgfq6xQ85zmBoGbHhFHA==', 0),
(12, 'hello', 'XUZIBb0sR1ogZYma0GL7wA==$fSLvJkG8cAbGG8hELV7JBeF6J0VVCcM2Rj6iTRdwoPyYjgBu4YIuLg+6XOhbGHL8fBAmaTTLvteDA5/+s9jIUQ==', 0),
(13, 'hello', 'GiwCzENa8XlCZF8uJVVlKQ==$xBYjnzHj397DtkGeig5lIu3MySWb5F9jzdiHi/GQhIE+EBKU0xBiRyckQcVedmD0kAFalLKI7Y/1go+0yxzoMA==', 0),
(14, 'hello', 'd7HYl9COiiZQ0pDHz/aoRA==$H5Pb5l2gqfD2Q37bhw6tNVZUl/9xRIMf+jk/hqlX6S3kS3lTzYZUp8+xjrg/KylHBpPz0pBAezeZ4DM539EKGw==', 0),
(15, 'hello', 'A423MrClk9odF13sW8g6yQ==$SegGmLK70Z+C/fDomUMs8H6IGiEgUxyTx2PK2wuWORtDHKWCoTNHZP63aQwHXn63epctMMbyW8T2UsT5jNRL2w==', 0),
(16, 'hello', 'YEVtkXTPWfdu0fC9zyOT7A==$YogbjdGEV1Z/mtEfH2nvO88Xhsusr5TzvOunwGkfnvg4xTPEOXW39djQWmo5DKKYe2ecQ5VzVl7kOpHxBXbMqw==', 0),
(17, 'hello', 'tJaDXQDWFTlJN3fvNSxeDg==$HWTu87JGwLtEr4jzhPvzLAO2j0TZSSIagULw6THr3k/tvNTGL7FUzghbjf51//jaa/u2xjWfBbRtrLCaikrJeQ==', 0),
(18, 'hello', 'hBHdvZ54uSEmXekb5Onbjw==$o5o7gkb7sSH0litnlF0czD2aWuaaNwhztSKz0g3bvSLYJTUU9JPbdls9AW5r6uql0hnOBUmRX9cGngpReY4uTg==', 0),
(19, 'hello', 'oBhZqHxDsiNC5nSG5wSmcQ==$OnvwsmJBDb1esELRKG9+LnYub1aYD9m2bkmQNZoWybZhbEn70zPWKzk91ZREmmvQlL96gxkNR3DQD2hDJOo5bw==', 0),
(20, 'hello', 'cMSua7xU8nw6pFGCQssclA==$g8YaGsUsNfW4R1HGs00i6AeoUqYLlhkj5zae+lO340yY7v9vHm/X1prNNA1Lk0IgZZwQoQeW2SSNSpK8BdVO/A==', 0),
(21, 'hello@demo.com', '5SvwcXbBiL17nfUSPQaGVQ==$A3WIzKn/h+ypgf18Irr85rnz0vU7YZWk1cTQ6y3003fwFKCYUdA1Ibw+PZhR9pSgFgtVfOsRaVedDOaQnzQ+aA==', 0),
(22, 'hello@demo.com', '4Fejpq9jJIiD3XiJE36BOw==$7msSJ2wG3VmX97EPwP65h0nDiABPk81IWFeY0G2U9qJzcWEtrSrfsnIB43DAqi2UBYcSYvfFEy2LJrVA3WzxBw==', 0),
(23, 'hello@demo.com', 'PFReeIsjH2WJVm6c3dTc5A==$cspnxBy1KW2YUh4IOQ/RVhXiiQbjq2vYpuYDL4HXdRVT0auUbePWQvpH9OwD5YeK8F+VS1O0oPOb/bYmGKjWTQ==', 0),
(24, 'ilyennincs@gmail.com', 'LTbaQivHuPyvWRVbzYcftw==$JDy6qzQgpjcvmxdP8BMpdFm1iMiI5q71CKJeviqk7MmoKEMCiuwQi0Si0tRNnG9jn+1Rikm+xeCFEbddF8HABA==', 0),
(25, '1234567@gmail.com', 'du5B5wpXKwPq5G4Vnic7QA==$a9Yqs8NmijPMm5ZVHlrrFlodPytK+dx8ZJFze0+MQsKEmHw/V/EuTxE8QXPhuH11ml7U8BBA8GZK6DGVLdfztw==', 0),
(26, 'fudhjdiowhjfeior@gmail.com', '/zX7BVpRVGPkl/GxG8egng==$o1W8V3+Ea3jGxywyU5oX9TBLyK3+EX2W5wpUQBfXQ4nXA2kCukWUMJyzWWw8jO4AWsebEuUiUx0Gq6mmBO8pYQ==', 0),
(27, 'kefhierghufodhglef@gmail.com', 'nGjrprZ/nQu0Grh129/4dA==$A6YYLU9UU7ZWfVGjtrXpHg/tTcfCASkJnySMW91PMZnqsMCZmVNXmyfG7TSa6ERT9aUGmvra1V28w7wF3E9vkw==', 0),
(28, 'wfjehrgirehgiuerhguireh@gmail.com', 'VSmWXeZXndiX0HOwUfYuUQ==$G//olsDUubCIZw5Zg3e6pz7gLKpHWCYK6Bt7WZQBKlMKRl9D8b+vAxT5e80Sm2DB8j/s3uVs2GBqqO3K3gUIPQ==', 0),
(29, 'zilahi@gmail.com', 'zOW9POfGiHlTJS752VBslw==$cvvRmfaTaDIJkZCN0DkSuXbDIXEOnt8ApYnZPe/grx9WWaZeui34SrYBsddtnmfnaTOntNthWlD5CGg4EmTRRw==', 1);

--
-- Indexes for dumped tables
--

--
-- Indexes for table `categories`
--
ALTER TABLE `categories`
  ADD PRIMARY KEY (`id`);

--
-- Indexes for table `periods`
--
ALTER TABLE `periods`
  ADD PRIMARY KEY (`id`);

--
-- Indexes for table `tasks`
--
ALTER TABLE `tasks`
  ADD PRIMARY KEY (`id`),
  ADD KEY `fk_category` (`category_id`),
  ADD KEY `fk_period` (`period_id`),
  ADD KEY `fk_task_image` (`task_image_id`);

--
-- Indexes for table `task_images`
--
ALTER TABLE `task_images`
  ADD PRIMARY KEY (`id`);

--
-- Indexes for table `users`
--
ALTER TABLE `users`
  ADD PRIMARY KEY (`id`);

--
-- AUTO_INCREMENT for dumped tables
--

--
-- AUTO_INCREMENT for table `categories`
--
ALTER TABLE `categories`
  MODIFY `id` int(11) NOT NULL AUTO_INCREMENT, AUTO_INCREMENT=18;

--
-- AUTO_INCREMENT for table `periods`
--
ALTER TABLE `periods`
  MODIFY `id` int(11) NOT NULL AUTO_INCREMENT, AUTO_INCREMENT=58;

--
-- AUTO_INCREMENT for table `tasks`
--
ALTER TABLE `tasks`
  MODIFY `id` int(11) NOT NULL AUTO_INCREMENT, AUTO_INCREMENT=989;

--
-- AUTO_INCREMENT for table `task_images`
--
ALTER TABLE `task_images`
  MODIFY `id` int(11) NOT NULL AUTO_INCREMENT, AUTO_INCREMENT=3073;

--
-- AUTO_INCREMENT for table `users`
--
ALTER TABLE `users`
  MODIFY `id` int(11) NOT NULL AUTO_INCREMENT, AUTO_INCREMENT=30;

--
-- Constraints for dumped tables
--

--
-- Constraints for table `tasks`
--
ALTER TABLE `tasks`
  ADD CONSTRAINT `fk_category` FOREIGN KEY (`category_id`) REFERENCES `categories` (`id`),
  ADD CONSTRAINT `fk_period` FOREIGN KEY (`period_id`) REFERENCES `periods` (`id`),
  ADD CONSTRAINT `fk_task_image` FOREIGN KEY (`task_image_id`) REFERENCES `task_images` (`id`);
COMMIT;

/*!40101 SET CHARACTER_SET_CLIENT=@OLD_CHARACTER_SET_CLIENT */;
/*!40101 SET CHARACTER_SET_RESULTS=@OLD_CHARACTER_SET_RESULTS */;
/*!40101 SET COLLATION_CONNECTION=@OLD_COLLATION_CONNECTION */;
