-- phpMyAdmin SQL Dump
-- version 5.2.0
-- https://www.phpmyadmin.net/
--
-- Host: db:3306
-- Generation Time: Sep 06, 2022 at 08:37 PM
-- Server version: 10.6.4-MariaDB-1:10.6.4+maria~focal
-- PHP Version: 8.0.19

SET SQL_MODE = "NO_AUTO_VALUE_ON_ZERO";
START TRANSACTION;
SET time_zone = "+00:00";


/*!40101 SET @OLD_CHARACTER_SET_CLIENT=@@CHARACTER_SET_CLIENT */;
/*!40101 SET @OLD_CHARACTER_SET_RESULTS=@@CHARACTER_SET_RESULTS */;
/*!40101 SET @OLD_COLLATION_CONNECTION=@@COLLATION_CONNECTION */;
/*!40101 SET NAMES utf8mb4 */;

--
-- Database: `erettsegi`
--

-- --------------------------------------------------------

--
-- Table structure for table `categories`
--

CREATE TABLE `categories` (
  `id` int(11) NOT NULL,
  `name` varchar(100) NOT NULL
) ENGINE=InnoDB DEFAULT CHARSET=utf8mb4;

--
-- Dumping data for table `categories`
--

INSERT INTO `categories` (`id`, `name`) VALUES
(1, 'Kombinatorika'),
(2, 'Valószínűségszámítás'),
(3, 'Sorozatok'),
(4, 'Síkgeometria'),
(5, 'Számok és műveletek, számelmélet'),
(6, 'Függvények'),
(7, 'Térgeometria'),
(8, 'Statisztika'),
(9, 'Exponenciális és logaritmusos feladatok'),
(11, 'Vektorok, Koordinátageometria'),
(12, 'Logika'),
(13, 'Halmazok'),
(14, 'Trigonometria'),
(15, 'Egyenletek, Egyenlőtlenségek, Egyenletrendszerek'),
(16, 'Gráfok'),
(17, 'Összetett');

-- --------------------------------------------------------

--
-- Table structure for table `periods`
--

CREATE TABLE `periods` (
  `id` int(11) NOT NULL,
  `periodName` varchar(255) NOT NULL
) ENGINE=InnoDB DEFAULT CHARSET=utf8mb4;

--
-- Dumping data for table `periods`
--

INSERT INTO `periods` (`id`, `periodName`) VALUES
(3, '2021. Október'),
(4, '2021. Május'),
(5, '2021. Május Idegennyelvű'),
(6, '2020. október'),
(7, '2020. május'),
(8, '2022. május idegennyelvű'),
(9, '2022. május'),
(10, '2020. május idegennyelvű'),
(11, '2019.május idegennyelvű'),
(12, '2019.május'),
(13, '2019. október'),
(14, '2018.október'),
(15, '2018.május idegennyelvű'),
(16, '2018.május'),
(17, '2017.október'),
(18, '2017.május idegennyelvű'),
(19, '2017.május'),
(20, '2016.október'),
(21, '2016.majus idegennyelvű'),
(22, '2016.majus'),
(23, '2015.október'),
(24, '2015.május idegennyelvű'),
(25, '2015.május'),
(26, '2014.október'),
(27, '2014.május idegennyelvű'),
(28, '2014.május'),
(29, '2013.október'),
(30, '2013.május idegennyelvű'),
(31, '2013.május'),
(32, '2012.október'),
(33, '2012.május idegennyelvű'),
(34, '2012.május'),
(35, '2011.október'),
(36, '2011.május idegennyelvű'),
(37, '2011.május'),
(38, '2010.október'),
(39, '2010.május idegennyelvű'),
(40, '2010.május'),
(41, '2009.október'),
(42, '2009.május idegennyelvű'),
(43, '2009.május'),
(44, '2008.október'),
(45, '2008.május idegennyelvű'),
(46, '2008.május'),
(47, '2007.október'),
(48, '2007.május idegennyelvű'),
(49, '2007.május'),
(50, '2006.október'),
(51, '2006.május idegennyelvű'),
(52, '2006.május'),
(53, '2006.február'),
(54, '2005.október'),
(55, '2005.május pót1'),
(56, '2005.május'),
(57, '2005.május pót2');

-- --------------------------------------------------------

--
-- Table structure for table `tasks`
--

CREATE TABLE `tasks` (
  `id` int(11) NOT NULL,
  `task_image_id` int(11) NOT NULL,
  `category_id` int(11) NOT NULL,
  `period_id` int(11) NOT NULL,
  `task_no` int(11) NOT NULL,
  `task_point_no` int(11) NOT NULL
) ENGINE=InnoDB DEFAULT CHARSET=utf8mb4;

--
-- Dumping data for table `tasks`
--

INSERT INTO `tasks` (`id`, `task_image_id`, `category_id`, `period_id`, `task_no`, `task_point_no`) VALUES
(8, 38, 6, 3, 5, 2),
(9, 39, 7, 3, 6, 2),
(10, 40, 8, 3, 7, 3),
(11, 41, 9, 3, 8, 2),
(12, 42, 5, 3, 9, 3),
(13, 43, 3, 3, 10, 2),
(14, 44, 14, 3, 11, 4),
(15, 45, 2, 3, 12, 3),
(17, 46, 3, 4, 1, 2),
(18, 47, 5, 4, 2, 2),
(19, 48, 13, 4, 3, 2),
(20, 49, 4, 4, 4, 4),
(21, 50, 12, 4, 5, 2),
(22, 51, 8, 4, 6, 4),
(23, 52, 5, 4, 7, 2),
(24, 53, 6, 4, 8, 2),
(25, 54, 4, 4, 9, 2),
(26, 55, 15, 4, 10, 2),
(27, 56, 14, 4, 11, 2),
(28, 57, 2, 4, 12, 4),
(29, 58, 5, 5, 1, 2),
(30, 59, 7, 5, 2, 2),
(31, 60, 1, 5, 3, 2),
(32, 61, 5, 5, 4, 2),
(33, 62, 5, 5, 5, 2),
(34, 63, 4, 5, 6, 2),
(35, 64, 3, 5, 7, 4),
(36, 65, 5, 5, 8, 4),
(37, 66, 4, 5, 9, 2),
(38, 67, 2, 5, 10, 2),
(39, 68, 14, 5, 11, 2),
(40, 69, 8, 5, 12, 3),
(41, 70, 13, 6, 1, 2),
(42, 71, 3, 6, 2, 2),
(43, 72, 5, 6, 3, 2),
(44, 73, 5, 6, 4, 2),
(45, 74, 12, 6, 5, 2),
(46, 75, 6, 6, 6, 3),
(47, 76, 5, 6, 7, 3),
(48, 77, 7, 6, 8, 3),
(49, 78, 1, 6, 9, 2),
(50, 79, 6, 6, 10, 4),
(51, 80, 8, 6, 11, 3),
(52, 81, 2, 6, 12, 2),
(53, 82, 7, 7, 1, 2),
(54, 83, 13, 7, 2, 2),
(55, 84, 5, 7, 3, 2),
(56, 85, 16, 7, 4, 3),
(57, 86, 5, 7, 5, 2),
(58, 87, 6, 7, 6, 3),
(59, 88, 8, 7, 7, 3),
(60, 89, 5, 7, 8, 2),
(61, 90, 5, 7, 9, 3),
(62, 91, 14, 7, 2, 3),
(63, 92, 3, 7, 11, 2),
(64, 93, 2, 7, 12, 3),
(65, 94, 13, 3, 1, 2),
(66, 95, 1, 3, 2, 2),
(67, 96, 4, 3, 3, 3),
(68, 98, 5, 3, 4, 2),
(69, 109, 13, 8, 1, 2),
(70, 110, 4, 8, 2, 2),
(71, 111, 5, 8, 3, 2),
(72, 112, 5, 8, 4, 2),
(73, 113, 6, 8, 5, 3),
(74, 114, 8, 8, 6, 2),
(75, 115, 6, 8, 7, 2),
(76, 116, 4, 8, 8, 2),
(77, 117, 9, 8, 9, 3),
(78, 118, 8, 8, 10, 3),
(79, 119, 1, 8, 11, 3),
(80, 120, 16, 8, 12, 4),
(81, 121, 17, 8, 13, 11),
(82, 122, 17, 8, 14, 12),
(83, 123, 17, 8, 15, 13),
(84, 124, 17, 8, 16, 17),
(85, 125, 17, 8, 17, 17),
(86, 126, 17, 8, 18, 17),
(87, 127, 13, 9, 1, 2),
(88, 128, 16, 9, 2, 2),
(89, 129, 15, 9, 3, 2),
(90, 130, 6, 9, 4, 2),
(91, 131, 14, 9, 5, 3),
(92, 132, 1, 9, 6, 2),
(93, 133, 3, 9, 7, 4),
(94, 134, 11, 9, 8, 2),
(95, 135, 11, 9, 9, 2),
(96, 136, 6, 9, 10, 2),
(97, 137, 8, 9, 11, 3),
(98, 138, 2, 9, 12, 2),
(99, 139, 17, 9, 13, 11),
(100, 140, 17, 9, 14, 12),
(101, 141, 17, 9, 15, 13),
(102, 142, 17, 9, 16, 17),
(103, 143, 17, 9, 17, 17),
(104, 144, 17, 9, 18, 17),
(105, 145, 13, 3, 1, 2),
(106, 146, 1, 3, 2, 2),
(107, 147, 4, 3, 3, 3),
(108, 148, 5, 3, 4, 2),
(109, 149, 6, 3, 5, 2),
(110, 150, 7, 3, 6, 2),
(111, 151, 8, 3, 7, 3),
(112, 152, 9, 3, 8, 2),
(113, 153, 5, 3, 9, 3),
(114, 154, 3, 3, 10, 2),
(115, 155, 11, 3, 11, 4),
(116, 156, 2, 3, 12, 3),
(117, 157, 17, 3, 13, 12),
(118, 158, 17, 3, 14, 11),
(119, 159, 17, 3, 15, 13),
(120, 160, 17, 3, 16, 17),
(121, 161, 17, 3, 17, 17),
(122, 162, 17, 3, 18, 17),
(123, 163, 3, 4, 1, 2),
(124, 164, 5, 4, 2, 2),
(125, 165, 13, 4, 3, 2),
(126, 166, 4, 4, 4, 4),
(127, 167, 12, 4, 5, 2),
(128, 168, 8, 4, 6, 4),
(129, 169, 5, 4, 7, 2),
(130, 170, 6, 4, 8, 2),
(131, 171, 4, 4, 9, 2),
(132, 172, 15, 4, 10, 2),
(133, 173, 14, 4, 11, 2),
(134, 174, 2, 4, 12, 4),
(135, 175, 17, 4, 13, 12),
(136, 176, 17, 4, 14, 12),
(137, 177, 17, 4, 15, 12),
(138, 178, 17, 4, 16, 17),
(139, 179, 17, 4, 18, 17),
(140, 180, 5, 5, 1, 2),
(141, 181, 7, 5, 2, 2),
(142, 182, 1, 5, 3, 2),
(143, 183, 5, 5, 4, 2),
(144, 184, 5, 5, 5, 2),
(145, 185, 4, 5, 6, 2),
(146, 186, 3, 5, 7, 4),
(147, 187, 5, 5, 8, 4),
(148, 188, 4, 5, 9, 2),
(149, 189, 2, 5, 10, 2),
(150, 190, 14, 5, 11, 2),
(151, 191, 8, 5, 12, 3),
(152, 192, 17, 5, 13, 13),
(153, 193, 17, 5, 14, 11),
(154, 194, 17, 5, 15, 12),
(155, 195, 17, 5, 16, 17),
(156, 196, 17, 5, 17, 17),
(157, 197, 17, 5, 18, 17),
(158, 198, 13, 6, 1, 2),
(159, 199, 3, 6, 2, 2),
(160, 200, 5, 6, 3, 2),
(161, 201, 5, 6, 4, 2),
(162, 202, 12, 6, 5, 2),
(163, 203, 6, 6, 6, 3),
(164, 204, 5, 6, 7, 3),
(165, 205, 7, 6, 8, 3),
(166, 206, 1, 6, 9, 2),
(167, 207, 6, 6, 10, 4),
(168, 208, 8, 6, 11, 3),
(169, 209, 2, 6, 12, 2),
(170, 210, 17, 6, 13, 10),
(171, 211, 17, 6, 14, 12),
(172, 212, 17, 6, 15, 14),
(173, 213, 17, 6, 16, 17),
(174, 214, 17, 6, 17, 17),
(175, 215, 17, 6, 18, 17),
(176, 216, 7, 7, 1, 2),
(177, 217, 13, 7, 2, 2),
(178, 218, 5, 7, 3, 2),
(179, 219, 16, 7, 4, 3),
(180, 220, 5, 7, 5, 2),
(181, 221, 6, 7, 6, 3),
(182, 222, 8, 7, 7, 3),
(183, 223, 5, 7, 8, 2),
(184, 224, 5, 7, 9, 3),
(185, 225, 14, 7, 10, 3),
(186, 226, 3, 7, 11, 2),
(187, 227, 2, 7, 12, 3),
(188, 228, 17, 7, 13, 11),
(189, 229, 17, 7, 14, 12),
(190, 230, 17, 7, 15, 13),
(191, 231, 17, 7, 16, 17),
(192, 232, 17, 7, 17, 17),
(193, 233, 17, 7, 18, 17),
(194, 234, 3, 10, 1, 2),
(195, 235, 8, 10, 2, 2),
(196, 236, 13, 10, 3, 3),
(197, 237, 1, 10, 4, 2),
(198, 238, 16, 10, 5, 2),
(199, 239, 2, 10, 6, 2),
(200, 240, 2, 10, 7, 2),
(201, 241, 5, 10, 8, 3),
(202, 242, 11, 10, 9, 2),
(203, 243, 3, 10, 10, 4),
(204, 244, 14, 10, 11, 2),
(205, 245, 4, 10, 12, 4),
(206, 246, 17, 10, 13, 12),
(207, 247, 17, 10, 14, 11),
(208, 248, 17, 10, 15, 13),
(209, 249, 17, 10, 16, 17),
(210, 250, 17, 10, 17, 17),
(211, 251, 17, 10, 18, 17),
(212, 252, 16, 13, 1, 2),
(213, 253, 13, 13, 2, 3),
(214, 254, 5, 13, 3, 2),
(215, 255, 5, 13, 4, 2),
(216, 256, 5, 13, 5, 2),
(217, 257, 6, 13, 6, 2),
(218, 258, 3, 13, 7, 2),
(219, 259, 4, 13, 8, 2),
(220, 260, 11, 13, 9, 2),
(221, 261, 7, 13, 10, 4),
(222, 262, 2, 13, 11, 4),
(223, 263, 8, 13, 12, 3),
(224, 264, 17, 13, 13, 11),
(225, 265, 17, 13, 14, 11),
(226, 266, 17, 13, 15, 14),
(227, 267, 17, 13, 16, 17),
(228, 268, 17, 13, 17, 17),
(229, 269, 17, 13, 18, 17),
(230, 270, 15, 12, 1, 2),
(231, 271, 4, 12, 2, 2),
(232, 272, 5, 12, 3, 2),
(233, 273, 13, 12, 4, 3),
(234, 274, 16, 12, 5, 2),
(235, 275, 1, 12, 6, 2),
(236, 276, 11, 12, 7, 2),
(237, 277, 5, 12, 8, 2),
(238, 278, 14, 12, 9, 3),
(239, 279, 11, 12, 10, 3),
(240, 280, 3, 12, 11, 4),
(241, 281, 8, 12, 12, 3),
(242, 282, 17, 12, 13, 10),
(243, 283, 17, 12, 14, 14),
(244, 284, 17, 12, 15, 12),
(245, 285, 17, 12, 16, 17),
(246, 286, 17, 12, 17, 17),
(247, 287, 17, 12, 18, 17),
(248, 288, 15, 11, 1, 2),
(249, 289, 16, 11, 2, 2),
(250, 290, 9, 11, 3, 2),
(251, 291, 7, 11, 4, 4),
(252, 292, 5, 11, 5, 2),
(253, 293, 5, 11, 6, 2),
(254, 294, 6, 11, 7, 2),
(255, 295, 5, 11, 8, 2),
(256, 296, 6, 11, 9, 2),
(257, 297, 3, 11, 10, 4),
(258, 298, 11, 11, 11, 3),
(259, 299, 2, 11, 12, 3),
(260, 300, 17, 11, 13, 11),
(261, 301, 17, 11, 14, 12),
(262, 302, 17, 11, 15, 13),
(263, 303, 17, 11, 16, 17),
(264, 304, 17, 11, 17, 17),
(265, 305, 17, 11, 18, 17),
(266, 306, 13, 14, 1, 2),
(267, 307, 2, 14, 2, 2),
(268, 308, 16, 14, 3, 2),
(269, 309, 6, 14, 4, 2),
(270, 310, 5, 14, 5, 2),
(271, 311, 8, 14, 6, 4),
(272, 312, 13, 14, 7, 2),
(273, 313, 12, 14, 8, 2),
(274, 314, 6, 14, 9, 2),
(275, 315, 1, 14, 10, 2),
(276, 316, 3, 14, 11, 4),
(277, 317, 8, 14, 12, 4),
(278, 318, 17, 14, 13, 10),
(279, 319, 17, 14, 14, 12),
(280, 320, 17, 14, 15, 14),
(281, 321, 17, 14, 16, 17),
(282, 322, 17, 14, 17, 17),
(283, 323, 17, 14, 18, 17),
(284, 324, 5, 16, 1, 2),
(285, 325, 13, 16, 2, 2),
(286, 326, 5, 16, 3, 2),
(287, 327, 7, 16, 4, 3),
(288, 328, 16, 16, 5, 3),
(289, 329, 9, 16, 6, 2),
(290, 330, 6, 16, 7, 2),
(291, 331, 8, 16, 8, 2),
(292, 332, 6, 16, 9, 2),
(293, 333, 8, 16, 10, 4),
(294, 334, 14, 16, 11, 2),
(295, 335, 3, 16, 12, 4),
(296, 336, 17, 16, 13, 11),
(297, 337, 17, 16, 14, 11),
(298, 338, 17, 16, 15, 14),
(299, 339, 17, 16, 16, 17),
(300, 340, 17, 16, 17, 17),
(301, 341, 17, 16, 18, 17),
(302, 342, 3, 15, 1, 2),
(303, 343, 13, 15, 2, 2),
(304, 344, 5, 15, 3, 2),
(305, 345, 12, 15, 4, 2),
(306, 346, 6, 15, 5, 2),
(307, 347, 5, 15, 6, 3),
(308, 348, 9, 15, 7, 3),
(309, 349, 5, 15, 8, 2),
(310, 350, 3, 15, 9, 2),
(311, 351, 9, 15, 10, 3),
(312, 352, 6, 15, 11, 3),
(313, 353, 2, 15, 12, 4),
(314, 354, 17, 15, 13, 12),
(315, 355, 17, 15, 14, 10),
(316, 356, 17, 15, 15, 14),
(317, 357, 17, 15, 16, 17),
(318, 358, 17, 15, 17, 17),
(319, 359, 17, 15, 18, 17),
(320, 360, 7, 17, 1, 2),
(321, 361, 13, 17, 2, 3),
(322, 362, 9, 17, 3, 2),
(323, 363, 5, 17, 4, 2),
(324, 364, 5, 17, 5, 3),
(325, 365, 16, 17, 6, 2),
(326, 366, 2, 17, 7, 2),
(327, 367, 16, 17, 8, 3),
(328, 368, 6, 17, 9, 3),
(329, 369, 8, 17, 10, 2),
(330, 370, 14, 17, 11, 2),
(331, 371, 2, 17, 12, 4),
(332, 372, 17, 17, 13, 10),
(333, 373, 17, 17, 14, 12),
(334, 374, 17, 17, 15, 14),
(335, 375, 17, 17, 16, 17),
(336, 376, 17, 17, 17, 17),
(337, 377, 17, 17, 18, 17),
(338, 378, 13, 19, 1, 2),
(339, 379, 3, 19, 2, 2),
(340, 380, 16, 19, 3, 4),
(341, 381, 9, 19, 4, 2),
(342, 382, 6, 19, 5, 2),
(343, 383, 14, 19, 6, 3),
(344, 384, 12, 19, 7, 2),
(345, 385, 6, 19, 8, 2),
(346, 386, 7, 19, 9, 3),
(347, 387, 14, 19, 10, 2),
(348, 388, 15, 19, 11, 2),
(349, 389, 2, 19, 12, 4),
(350, 390, 17, 19, 13, 12),
(351, 391, 17, 19, 14, 12),
(352, 392, 17, 19, 15, 12),
(353, 393, 17, 19, 16, 17),
(354, 394, 17, 19, 17, 17),
(355, 395, 17, 19, 18, 17),
(356, 396, 15, 18, 1, 2),
(357, 397, 13, 18, 2, 2),
(358, 398, 5, 18, 3, 2),
(359, 399, 16, 18, 4, 3),
(360, 400, 9, 18, 5, 2),
(361, 401, 6, 18, 6, 2),
(362, 402, 8, 18, 7, 2),
(363, 403, 7, 18, 8, 4),
(364, 404, 5, 18, 9, 2),
(365, 405, 12, 18, 10, 2),
(366, 406, 13, 18, 11, 4),
(367, 407, 2, 18, 12, 3),
(368, 408, 17, 18, 13, 10),
(369, 409, 17, 18, 14, 12),
(370, 410, 17, 18, 15, 14),
(371, 411, 17, 18, 16, 17),
(372, 412, 17, 18, 17, 17),
(373, 413, 17, 18, 18, 17),
(374, 414, 16, 20, 1, 2),
(375, 415, 6, 20, 2, 2),
(376, 416, 5, 20, 3, 2),
(377, 417, 1, 20, 4, 2),
(378, 418, 12, 20, 5, 2),
(379, 419, 7, 20, 6, 4),
(380, 420, 6, 20, 7, 2),
(381, 421, 14, 20, 8, 2),
(382, 422, 5, 20, 9, 4),
(383, 423, 9, 20, 10, 2),
(384, 424, 6, 20, 11, 4),
(385, 425, 2, 20, 12, 2),
(386, 426, 17, 20, 13, 12),
(387, 427, 17, 20, 14, 12),
(388, 428, 17, 20, 15, 12),
(389, 429, 17, 20, 16, 17),
(390, 430, 17, 20, 17, 17),
(391, 431, 17, 20, 18, 17),
(392, 432, 13, 22, 1, 2),
(393, 433, 5, 22, 2, 2),
(394, 434, 15, 22, 3, 2),
(395, 435, 1, 22, 4, 2),
(396, 436, 16, 22, 5, 3),
(397, 437, 9, 22, 6, 2),
(398, 438, 12, 22, 7, 2),
(399, 439, 3, 22, 8, 3),
(400, 440, 12, 22, 9, 2),
(401, 441, 6, 22, 10, 4),
(402, 442, 14, 22, 11, 2),
(403, 443, 2, 22, 12, 4),
(404, 444, 17, 22, 13, 10),
(405, 445, 17, 22, 14, 13),
(406, 446, 17, 22, 15, 13),
(407, 447, 17, 22, 16, 17),
(408, 448, 17, 22, 17, 17),
(409, 449, 17, 22, 18, 17),
(410, 450, 15, 21, 1, 2),
(411, 451, 13, 21, 2, 3),
(412, 452, 9, 21, 3, 2),
(413, 453, 1, 21, 4, 3),
(414, 454, 11, 21, 5, 2),
(415, 455, 16, 21, 6, 2),
(416, 456, 11, 21, 7, 3),
(417, 457, 2, 21, 8, 3),
(418, 458, 8, 21, 9, 2),
(419, 459, 6, 21, 10, 2),
(420, 460, 4, 21, 11, 3),
(421, 461, 13, 21, 12, 3),
(422, 462, 17, 21, 13, 12),
(423, 463, 17, 21, 14, 12),
(424, 464, 17, 21, 15, 12),
(425, 465, 17, 21, 16, 17),
(426, 466, 17, 21, 17, 17),
(427, 467, 17, 21, 18, 17),
(428, 468, 15, 23, 1, 2),
(429, 469, 4, 23, 2, 3),
(430, 470, 6, 23, 3, 2),
(431, 471, 6, 23, 4, 2),
(432, 472, 13, 23, 5, 3),
(433, 473, 13, 23, 6, 2),
(434, 474, 12, 23, 7, 2),
(435, 475, 5, 23, 8, 2),
(436, 476, 8, 23, 9, 4),
(437, 477, 2, 23, 10, 3),
(438, 478, 5, 23, 11, 3),
(439, 479, 16, 23, 12, 2),
(440, 480, 17, 23, 13, 13),
(441, 481, 17, 23, 14, 12),
(442, 482, 17, 23, 15, 11),
(443, 483, 17, 23, 16, 17),
(444, 484, 17, 23, 17, 17),
(445, 485, 17, 23, 18, 17),
(446, 486, 5, 25, 1, 2),
(447, 487, 5, 25, 2, 2),
(448, 488, 12, 25, 3, 2),
(449, 489, 15, 25, 4, 3),
(450, 490, 12, 25, 5, 2),
(451, 491, 6, 25, 6, 2),
(452, 492, 8, 25, 7, 3),
(453, 493, 16, 25, 8, 2),
(454, 494, 3, 25, 9, 2),
(455, 495, 11, 25, 10, 3),
(456, 496, 11, 25, 11, 3),
(457, 497, 2, 25, 12, 4),
(458, 498, 17, 25, 13, 11),
(459, 499, 17, 25, 14, 13),
(460, 500, 17, 25, 15, 12),
(461, 501, 17, 25, 16, 17),
(462, 502, 17, 25, 17, 17),
(463, 503, 17, 25, 18, 17),
(464, 504, 13, 24, 1, 3),
(465, 505, 16, 24, 2, 2),
(466, 506, 12, 24, 3, 2),
(467, 507, 6, 24, 4, 2),
(468, 508, 5, 24, 5, 3),
(469, 509, 3, 24, 6, 2),
(470, 510, 3, 24, 7, 2),
(471, 511, 6, 24, 8, 3),
(472, 512, 7, 24, 9, 3),
(473, 513, 8, 24, 10, 3),
(474, 514, 11, 24, 11, 3),
(475, 515, 2, 24, 12, 2),
(476, 516, 17, 24, 13, 10),
(477, 517, 17, 24, 14, 14),
(478, 518, 17, 24, 15, 12),
(479, 519, 17, 24, 16, 17),
(480, 520, 17, 24, 17, 17),
(481, 521, 17, 24, 18, 17),
(482, 522, 11, 26, 1, 2),
(483, 523, 5, 26, 2, 3),
(484, 524, 6, 26, 3, 2),
(485, 525, 15, 26, 4, 3),
(486, 526, 9, 26, 5, 3),
(487, 527, 2, 26, 6, 2),
(488, 528, 14, 26, 7, 2),
(489, 529, 6, 26, 8, 2),
(490, 530, 11, 26, 9, 3),
(491, 531, 6, 26, 10, 2),
(492, 532, 15, 26, 11, 4),
(493, 533, 12, 26, 12, 2),
(494, 534, 17, 26, 13, 12),
(495, 535, 17, 26, 14, 13),
(496, 536, 17, 26, 15, 11),
(497, 537, 17, 26, 16, 17),
(498, 538, 17, 26, 17, 17),
(499, 539, 17, 26, 18, 17),
(500, 540, 13, 28, 1, 4),
(501, 541, 5, 28, 2, 2),
(502, 542, 15, 28, 3, 3),
(503, 543, 6, 28, 4, 2),
(504, 544, 13, 28, 5, 2),
(505, 545, 5, 28, 6, 3),
(506, 546, 5, 28, 7, 3),
(507, 547, 6, 28, 8, 2),
(508, 548, 9, 28, 9, 2),
(509, 549, 16, 28, 10, 2),
(510, 550, 4, 28, 11, 3),
(511, 551, 2, 28, 12, 2),
(512, 552, 17, 28, 13, 12),
(513, 553, 17, 28, 14, 12),
(514, 554, 17, 28, 15, 12),
(515, 555, 17, 28, 16, 17),
(516, 556, 17, 28, 17, 17),
(517, 557, 17, 28, 18, 17),
(518, 558, 5, 27, 1, 2),
(519, 559, 9, 27, 2, 2),
(520, 560, 6, 27, 3, 3),
(521, 561, 1, 27, 4, 2),
(522, 562, 16, 27, 5, 2),
(523, 563, 13, 27, 6, 3),
(524, 564, 4, 27, 7, 3),
(525, 565, 8, 27, 8, 2),
(526, 566, 12, 27, 9, 3),
(527, 567, 7, 27, 10, 3),
(528, 568, 6, 27, 11, 2),
(529, 569, 4, 27, 12, 3),
(530, 570, 17, 27, 13, 12),
(531, 571, 17, 27, 14, 12),
(532, 572, 17, 27, 15, 12),
(533, 573, 17, 27, 16, 17),
(534, 574, 17, 27, 17, 17),
(535, 575, 17, 27, 18, 17),
(536, 576, 13, 29, 1, 2),
(537, 577, 6, 29, 2, 2),
(538, 578, 14, 29, 3, 2),
(539, 579, 12, 29, 4, 2),
(540, 580, 5, 29, 5, 3),
(541, 581, 6, 29, 6, 3),
(542, 582, 4, 29, 7, 2),
(543, 583, 3, 29, 8, 3),
(544, 584, 16, 29, 9, 2),
(545, 585, 6, 29, 10, 3),
(546, 586, 2, 29, 11, 2),
(547, 587, 8, 29, 12, 3),
(548, 588, 17, 29, 13, 12),
(549, 589, 17, 29, 14, 12),
(550, 590, 17, 29, 15, 12),
(551, 591, 17, 29, 16, 17),
(552, 592, 17, 29, 17, 17),
(553, 593, 17, 29, 18, 17),
(554, 594, 13, 31, 1, 2),
(555, 595, 8, 31, 2, 2),
(556, 596, 8, 31, 3, 3),
(557, 597, 6, 31, 4, 2),
(558, 598, 14, 31, 5, 3),
(559, 599, 11, 31, 6, 3),
(560, 600, 6, 31, 7, 4),
(561, 601, 12, 31, 8, 2),
(562, 602, 7, 31, 9, 2),
(563, 603, 1, 31, 10, 3),
(564, 604, 8, 31, 11, 2),
(565, 605, 2, 31, 12, 2),
(566, 606, 17, 31, 13, 12),
(567, 607, 17, 31, 14, 12),
(568, 608, 17, 31, 15, 12),
(569, 609, 17, 31, 16, 17),
(570, 610, 17, 31, 17, 17),
(571, 611, 17, 31, 18, 17),
(572, 612, 5, 30, 1, 2),
(573, 613, 7, 30, 2, 3),
(574, 614, 15, 30, 3, 2),
(575, 615, 6, 30, 4, 2),
(576, 616, 11, 30, 5, 2),
(577, 617, 14, 30, 6, 2),
(578, 618, 6, 30, 7, 2),
(579, 619, 1, 30, 8, 2),
(580, 620, 8, 30, 9, 3),
(581, 621, 11, 30, 10, 3),
(582, 622, 5, 30, 11, 4),
(583, 623, 3, 30, 12, 3),
(584, 624, 17, 30, 13, 12),
(585, 625, 17, 30, 14, 12),
(586, 626, 17, 30, 15, 12),
(587, 627, 17, 30, 16, 17),
(588, 628, 17, 30, 17, 17),
(589, 629, 17, 30, 18, 17),
(590, 630, 3, 32, 1, 2),
(591, 631, 13, 32, 2, 2),
(592, 632, 15, 32, 3, 2),
(593, 633, 8, 32, 4, 3),
(594, 634, 12, 32, 5, 2),
(595, 635, 5, 32, 6, 3),
(596, 636, 12, 32, 7, 4),
(597, 637, 16, 32, 8, 2),
(598, 638, 6, 32, 9, 2),
(599, 639, 11, 32, 10, 2),
(600, 640, 4, 32, 11, 3),
(601, 641, 3, 32, 12, 3),
(602, 642, 17, 32, 13, 12),
(603, 643, 17, 32, 14, 12),
(604, 644, 17, 32, 15, 12),
(605, 645, 17, 32, 16, 17),
(606, 646, 17, 32, 18, 17),
(607, 647, 3, 34, 1, 2),
(608, 648, 11, 34, 2, 3),
(609, 649, 6, 34, 3, 2),
(610, 650, 12, 34, 4, 2),
(611, 651, 5, 34, 5, 2),
(612, 652, 4, 34, 6, 2),
(613, 653, 11, 34, 7, 3),
(614, 654, 5, 34, 8, 3),
(615, 655, 2, 34, 9, 3),
(616, 656, 9, 34, 10, 3),
(617, 657, 5, 34, 11, 3),
(618, 658, 6, 34, 12, 2),
(619, 659, 17, 34, 13, 12),
(620, 660, 17, 34, 14, 12),
(621, 661, 17, 34, 15, 12),
(622, 662, 17, 34, 16, 17),
(623, 663, 17, 34, 17, 17),
(624, 664, 17, 34, 18, 17),
(625, 665, 6, 33, 1, 2),
(626, 666, 11, 33, 2, 2),
(627, 667, 9, 33, 3, 2),
(628, 668, 6, 33, 4, 3),
(629, 669, 1, 33, 5, 2),
(630, 670, 13, 33, 6, 2),
(631, 671, 5, 33, 7, 3),
(632, 672, 5, 33, 8, 2),
(633, 673, 6, 33, 9, 2),
(634, 674, 16, 33, 10, 2),
(635, 675, 11, 33, 11, 4),
(636, 676, 12, 33, 12, 3),
(637, 677, 17, 33, 13, 12),
(638, 678, 17, 33, 14, 12),
(639, 679, 17, 33, 15, 12),
(640, 680, 17, 33, 16, 17),
(641, 681, 17, 33, 17, 17),
(642, 682, 17, 33, 18, 17),
(643, 683, 5, 35, 1, 2),
(644, 684, 5, 35, 2, 2),
(645, 685, 3, 35, 3, 3),
(646, 686, 13, 35, 4, 3),
(647, 687, 6, 35, 5, 2),
(648, 688, 8, 35, 6, 2),
(649, 689, 16, 35, 7, 2),
(650, 690, 3, 35, 8, 3),
(651, 691, 5, 35, 9, 2),
(652, 692, 6, 35, 10, 2),
(653, 693, 3, 35, 11, 4),
(654, 694, 7, 35, 12, 3),
(655, 695, 17, 35, 13, 12),
(656, 696, 17, 35, 14, 12),
(657, 697, 17, 35, 15, 12),
(658, 698, 17, 35, 16, 17),
(659, 699, 17, 35, 17, 17),
(660, 700, 17, 35, 18, 17),
(661, 701, 5, 37, 1, 2),
(662, 702, 2, 37, 2, 3),
(663, 703, 7, 37, 3, 2),
(664, 704, 5, 37, 4, 2),
(665, 705, 6, 37, 5, 2),
(666, 706, 15, 37, 6, 3),
(667, 707, 13, 37, 7, 4),
(668, 708, 9, 37, 8, 2),
(669, 709, 5, 37, 9, 2),
(670, 710, 15, 37, 10, 2),
(671, 711, 3, 37, 11, 2),
(672, 712, 12, 37, 12, 3),
(673, 713, 17, 37, 13, 12),
(674, 714, 17, 37, 14, 12),
(675, 715, 17, 37, 15, 12),
(676, 716, 17, 37, 16, 17),
(677, 717, 17, 37, 17, 17),
(678, 718, 17, 37, 18, 17),
(679, 719, 5, 36, 1, 2),
(680, 720, 5, 36, 2, 2),
(681, 721, 8, 36, 3, 3),
(682, 722, 4, 36, 4, 2),
(683, 723, 15, 36, 5, 2),
(684, 724, 16, 36, 6, 2),
(685, 725, 5, 36, 7, 2),
(686, 726, 3, 36, 8, 3),
(687, 727, 5, 36, 9, 3),
(688, 728, 5, 36, 10, 3),
(689, 729, 15, 36, 11, 2),
(690, 730, 13, 36, 12, 4),
(691, 731, 17, 36, 13, 12),
(692, 732, 17, 36, 14, 12),
(693, 733, 17, 36, 15, 12),
(694, 734, 17, 36, 16, 17),
(695, 735, 17, 36, 17, 17),
(696, 736, 17, 36, 18, 17),
(697, 737, 13, 38, 1, 2),
(698, 738, 16, 38, 2, 2),
(699, 739, 11, 38, 3, 3),
(700, 740, 5, 38, 4, 2),
(701, 741, 6, 38, 5, 2),
(702, 742, 15, 38, 6, 2),
(703, 743, 14, 38, 7, 3),
(704, 744, 5, 38, 8, 4),
(705, 745, 9, 38, 9, 2),
(706, 746, 6, 38, 10, 3),
(707, 747, 16, 38, 11, 2),
(708, 748, 11, 38, 12, 3),
(709, 749, 17, 38, 13, 12),
(710, 750, 17, 38, 14, 12),
(711, 751, 17, 38, 15, 12),
(712, 752, 17, 38, 16, 17),
(713, 753, 17, 38, 17, 17),
(714, 754, 17, 38, 18, 17),
(715, 755, 5, 40, 1, 2),
(716, 756, 15, 40, 2, 2),
(717, 757, 8, 40, 3, 3),
(718, 758, 9, 40, 4, 2),
(719, 759, 1, 40, 5, 2),
(720, 760, 4, 40, 6, 3),
(721, 761, 16, 40, 7, 2),
(722, 762, 2, 40, 8, 2),
(723, 763, 14, 40, 9, 3),
(724, 764, 14, 40, 10, 4),
(725, 765, 2, 40, 11, 3),
(726, 766, 8, 40, 12, 2),
(727, 767, 17, 40, 13, 12),
(728, 768, 17, 40, 14, 12),
(729, 769, 17, 40, 15, 12),
(730, 770, 17, 40, 16, 17),
(731, 771, 17, 40, 17, 17),
(732, 772, 17, 40, 18, 17),
(733, 773, 4, 39, 1, 2),
(734, 774, 8, 39, 2, 2),
(735, 775, 11, 39, 3, 2),
(736, 776, 9, 39, 4, 2),
(737, 777, 4, 39, 5, 2),
(738, 778, 6, 39, 6, 2),
(739, 779, 7, 39, 7, 2),
(740, 780, 5, 39, 8, 3),
(741, 781, 11, 39, 9, 3),
(742, 782, 8, 39, 10, 3),
(743, 783, 2, 39, 11, 3),
(744, 784, 4, 39, 12, 3),
(745, 785, 17, 39, 13, 12),
(746, 786, 17, 39, 14, 12),
(747, 787, 17, 39, 15, 12),
(748, 788, 17, 39, 16, 17),
(749, 789, 17, 39, 17, 17),
(750, 790, 17, 39, 18, 17),
(751, 791, 5, 41, 1, 2),
(752, 792, 13, 41, 2, 3),
(753, 793, 2, 41, 3, 2),
(754, 794, 5, 41, 4, 2),
(755, 795, 14, 41, 5, 2),
(756, 796, 3, 41, 6, 2),
(757, 797, 6, 41, 7, 3),
(758, 798, 9, 41, 8, 3),
(759, 799, 8, 41, 9, 2),
(760, 800, 11, 41, 10, 3),
(761, 801, 7, 41, 11, 3),
(762, 802, 6, 41, 12, 3),
(763, 803, 17, 41, 13, 12),
(764, 804, 17, 41, 14, 12),
(765, 805, 17, 41, 15, 12),
(766, 806, 17, 41, 16, 17),
(767, 807, 17, 41, 17, 17),
(768, 808, 17, 41, 18, 17),
(769, 809, 15, 43, 1, 2),
(770, 810, 5, 43, 2, 2),
(771, 811, 16, 43, 3, 2),
(772, 812, 6, 43, 4, 2),
(773, 813, 1, 43, 5, 2),
(774, 814, 9, 43, 6, 2),
(775, 815, 3, 43, 7, 3),
(776, 816, 5, 43, 8, 3),
(777, 817, 13, 43, 9, 4),
(778, 818, 11, 43, 10, 2),
(779, 819, 5, 43, 11, 2),
(780, 820, 7, 43, 12, 4),
(781, 821, 17, 43, 13, 12),
(782, 822, 17, 43, 14, 12),
(783, 823, 17, 43, 15, 12),
(784, 824, 17, 43, 16, 17),
(785, 825, 17, 43, 17, 17),
(786, 826, 17, 43, 18, 17),
(787, 827, 13, 42, 1, 2),
(788, 828, 5, 42, 2, 2),
(789, 829, 12, 42, 3, 2),
(790, 830, 16, 42, 4, 2),
(791, 831, 5, 42, 5, 3),
(792, 832, 1, 42, 6, 3),
(793, 833, 5, 42, 7, 2),
(794, 834, 9, 42, 8, 2),
(795, 835, 4, 42, 9, 3),
(796, 836, 6, 42, 10, 3),
(797, 837, 13, 42, 11, 3),
(798, 838, 11, 42, 12, 3),
(799, 839, 17, 42, 13, 12),
(800, 840, 17, 42, 14, 12),
(801, 841, 17, 42, 15, 12),
(802, 842, 17, 42, 16, 17),
(803, 843, 17, 42, 17, 17),
(804, 844, 17, 42, 18, 17),
(805, 845, 13, 44, 1, 2),
(806, 846, 4, 44, 2, 2),
(807, 847, 13, 44, 3, 2),
(808, 848, 11, 44, 4, 2),
(809, 849, 14, 44, 5, 2),
(810, 850, 8, 44, 6, 2),
(811, 851, 12, 44, 7, 4),
(812, 852, 14, 44, 8, 3),
(813, 853, 8, 44, 9, 2),
(814, 854, 16, 44, 10, 2),
(815, 855, 14, 44, 11, 4),
(816, 856, 8, 44, 12, 3),
(817, 857, 17, 44, 13, 12),
(818, 858, 17, 44, 14, 12),
(819, 859, 17, 44, 15, 12),
(820, 860, 17, 44, 16, 17),
(821, 861, 17, 44, 17, 17),
(822, 862, 17, 44, 18, 17),
(823, 863, 5, 46, 1, 2),
(824, 864, 16, 46, 2, 2),
(825, 865, 2, 46, 3, 2),
(826, 866, 5, 46, 4, 2),
(827, 867, 6, 46, 5, 3),
(828, 868, 11, 46, 6, 2),
(829, 869, 12, 46, 7, 4),
(830, 870, 5, 46, 8, 2),
(831, 871, 6, 46, 9, 2),
(832, 872, 3, 46, 10, 3),
(833, 873, 5, 46, 11, 2),
(834, 874, 13, 46, 12, 4),
(835, 875, 17, 46, 13, 12),
(836, 876, 17, 46, 14, 12),
(837, 877, 17, 46, 15, 12),
(838, 878, 17, 46, 16, 17),
(839, 879, 17, 46, 17, 17),
(840, 880, 17, 46, 18, 17),
(841, 881, 5, 45, 1, 2),
(842, 882, 14, 45, 2, 2),
(843, 883, 13, 45, 3, 3),
(844, 884, 6, 45, 4, 2),
(845, 885, 7, 45, 5, 2),
(846, 886, 8, 45, 6, 3),
(847, 887, 5, 45, 7, 2),
(848, 888, 11, 45, 8, 2),
(849, 889, 5, 45, 9, 3),
(850, 890, 12, 45, 10, 4),
(851, 891, 16, 45, 11, 3),
(852, 892, 5, 45, 12, 2),
(853, 893, 17, 45, 13, 12),
(854, 894, 17, 45, 14, 12),
(855, 895, 17, 45, 15, 12),
(856, 896, 17, 45, 16, 17),
(857, 897, 17, 45, 17, 17),
(858, 898, 17, 45, 18, 17),
(859, 899, 13, 47, 1, 2),
(860, 900, 5, 47, 2, 2),
(861, 901, 5, 47, 3, 2),
(862, 902, 2, 47, 4, 3),
(863, 903, 12, 47, 5, 3),
(864, 904, 9, 47, 6, 2),
(865, 905, 3, 47, 7, 3),
(866, 906, 1, 47, 8, 2),
(867, 907, 14, 47, 9, 2),
(868, 908, 11, 47, 10, 2),
(869, 909, 8, 47, 11, 3),
(870, 910, 6, 47, 12, 3),
(871, 911, 17, 47, 13, 12),
(872, 912, 17, 47, 14, 12),
(873, 913, 17, 47, 15, 12),
(874, 914, 17, 47, 16, 17),
(875, 915, 17, 47, 17, 17),
(876, 916, 17, 47, 18, 17),
(877, 917, 5, 49, 1, 2),
(878, 918, 3, 49, 2, 3),
(879, 919, 4, 49, 3, 2),
(880, 920, 5, 49, 4, 3),
(881, 921, 6, 49, 5, 3),
(882, 922, 6, 49, 6, 2),
(883, 923, 5, 49, 7, 2),
(884, 924, 14, 49, 8, 3),
(885, 925, 6, 49, 9, 2),
(886, 926, 8, 49, 10, 2),
(887, 927, 9, 49, 11, 3),
(888, 928, 2, 49, 12, 3),
(889, 929, 17, 49, 13, 12),
(890, 930, 17, 49, 14, 12),
(891, 931, 17, 49, 15, 12),
(892, 932, 17, 49, 16, 17),
(893, 933, 17, 49, 17, 17),
(894, 934, 17, 49, 18, 17),
(895, 935, 5, 48, 1, 2),
(896, 936, 11, 48, 2, 2),
(897, 937, 15, 48, 3, 3),
(898, 938, 4, 48, 4, 2),
(899, 939, 12, 48, 5, 2),
(900, 940, 6, 48, 6, 3),
(901, 941, 14, 48, 7, 2),
(902, 942, 16, 48, 8, 3),
(903, 943, 9, 48, 9, 3),
(904, 944, 2, 48, 10, 3),
(905, 945, 8, 48, 11, 2),
(906, 946, 7, 48, 12, 3),
(907, 947, 17, 48, 13, 12),
(908, 948, 17, 48, 14, 12),
(909, 949, 17, 48, 15, 12),
(910, 950, 17, 48, 16, 17),
(911, 951, 17, 48, 17, 17),
(912, 952, 17, 48, 18, 17),
(913, 953, 13, 50, 1, 2),
(914, 954, 11, 50, 2, 2),
(915, 955, 1, 50, 3, 3),
(916, 956, 8, 50, 4, 4),
(917, 957, 4, 50, 5, 2),
(918, 958, 1, 50, 6, 2),
(919, 959, 7, 50, 7, 3),
(920, 960, 2, 50, 8, 2),
(921, 961, 13, 50, 9, 2),
(922, 962, 11, 50, 10, 3),
(923, 963, 12, 50, 11, 3),
(924, 964, 1, 50, 12, 2),
(925, 965, 17, 50, 13, 12),
(926, 966, 17, 50, 14, 12),
(927, 967, 17, 50, 15, 12),
(928, 968, 17, 50, 16, 17),
(929, 969, 17, 50, 17, 17),
(930, 970, 17, 50, 18, 17),
(931, 971, 4, 52, 1, 2),
(932, 972, 3, 52, 2, 2),
(933, 973, 5, 52, 3, 2),
(934, 974, 8, 52, 4, 2),
(935, 975, 5, 52, 5, 2),
(936, 976, 7, 52, 6, 3),
(937, 977, 5, 52, 7, 2),
(938, 978, 5, 52, 8, 2),
(939, 979, 1, 52, 9, 3),
(940, 980, 11, 52, 10, 3),
(941, 981, 13, 52, 11, 3),
(942, 982, 6, 52, 12, 4),
(943, 983, 17, 52, 13, 12),
(944, 984, 17, 52, 14, 12),
(945, 985, 17, 52, 15, 12),
(946, 986, 17, 52, 16, 17),
(947, 987, 17, 52, 17, 17),
(948, 988, 17, 52, 18, 17),
(949, 989, 13, 51, 1, 2),
(950, 990, 14, 51, 2, 2),
(951, 991, 5, 51, 3, 4),
(952, 992, 8, 51, 4, 2),
(953, 993, 6, 51, 5, 3),
(954, 994, 16, 51, 6, 2),
(955, 995, 12, 51, 7, 2),
(956, 996, 5, 51, 8, 2),
(957, 997, 6, 51, 9, 2),
(958, 998, 1, 51, 10, 3),
(959, 999, 2, 51, 11, 3),
(960, 1000, 11, 51, 12, 3),
(961, 1001, 17, 51, 13, 12),
(962, 1002, 17, 51, 14, 12),
(963, 1003, 17, 51, 15, 12),
(964, 1004, 17, 51, 16, 17),
(965, 1005, 17, 51, 17, 17),
(966, 1006, 17, 51, 18, 17),
(967, 1007, 3, 53, 1, 2),
(968, 1008, 5, 53, 2, 3),
(969, 1009, 9, 53, 3, 2),
(970, 1010, 1, 53, 4, 2),
(971, 1011, 2, 53, 5, 2),
(972, 1012, 5, 53, 6, 3),
(973, 1013, 5, 53, 7, 2),
(974, 1014, 16, 53, 8, 2),
(975, 1015, 15, 53, 9, 2),
(976, 1016, 11, 53, 10, 2),
(977, 1017, 5, 53, 11, 4),
(978, 1018, 13, 53, 12, 4),
(979, 1019, 17, 53, 13, 12),
(980, 1020, 17, 53, 14, 12),
(981, 1021, 17, 53, 15, 12),
(982, 1022, 17, 53, 16, 17),
(983, 1023, 17, 53, 17, 17),
(984, 1024, 17, 53, 18, 17),
(985, 1025, 5, 54, 1, 2),
(986, 1026, 5, 54, 2, 2),
(987, 1027, 14, 54, 3, 3),
(988, 1028, 5, 54, 4, 2),
(989, 1029, 11, 54, 5, 2),
(990, 1030, 5, 54, 6, 2),
(991, 1031, 11, 54, 7, 3),
(992, 1032, 15, 54, 8, 2),
(993, 1033, 16, 54, 9, 3),
(994, 1034, 4, 54, 10, 3),
(995, 1035, 1, 54, 11, 3),
(996, 1036, 6, 54, 12, 3),
(997, 1037, 17, 54, 13, 12),
(998, 1038, 17, 54, 14, 12),
(999, 1039, 17, 54, 15, 12),
(1000, 1040, 17, 54, 16, 17),
(1001, 1041, 17, 54, 17, 17),
(1002, 1042, 17, 54, 18, 17),
(1003, 1043, 11, 56, 1, 2),
(1004, 1044, 6, 56, 2, 2),
(1005, 1045, 6, 56, 3, 3),
(1006, 1046, 4, 56, 4, 3),
(1007, 1047, 11, 56, 5, 2),
(1008, 1048, 2, 56, 6, 2),
(1009, 1049, 14, 56, 7, 3),
(1010, 1050, 3, 56, 8, 2),
(1011, 1051, 16, 56, 9, 2),
(1012, 1052, 6, 56, 10, 2),
(1013, 1053, 1, 56, 11, 4),
(1014, 1054, 7, 56, 12, 3),
(1015, 1055, 17, 56, 13, 12),
(1016, 1056, 17, 56, 14, 12),
(1017, 1057, 17, 56, 15, 12),
(1018, 1058, 17, 56, 16, 17),
(1019, 1059, 17, 56, 17, 17),
(1020, 1060, 17, 56, 18, 17),
(1021, 1061, 15, 55, 1, 2),
(1022, 1062, 5, 55, 2, 2),
(1023, 1063, 7, 55, 3, 3),
(1024, 1064, 4, 55, 4, 2),
(1025, 1065, 12, 55, 5, 2),
(1026, 1066, 4, 55, 6, 3),
(1027, 1067, 6, 55, 7, 2),
(1028, 1068, 2, 55, 8, 2),
(1029, 1069, 14, 55, 9, 2),
(1030, 1070, 16, 55, 10, 2),
(1031, 1071, 7, 55, 11, 4),
(1032, 1072, 11, 55, 12, 4),
(1033, 1073, 17, 55, 13, 12),
(1034, 1074, 17, 55, 14, 12),
(1035, 1075, 17, 55, 15, 12),
(1036, 1076, 17, 55, 16, 17),
(1037, 1077, 17, 55, 17, 17),
(1038, 1078, 17, 55, 18, 17),
(1039, 1079, 15, 57, 1, 2),
(1040, 1080, 5, 57, 2, 2),
(1041, 1081, 5, 57, 3, 3),
(1042, 1082, 14, 57, 4, 2),
(1043, 1083, 6, 57, 5, 3),
(1044, 1084, 9, 57, 6, 2),
(1045, 1085, 2, 57, 7, 2),
(1046, 1086, 14, 57, 8, 2),
(1047, 1087, 6, 57, 9, 2),
(1048, 1088, 16, 57, 10, 2),
(1049, 1089, 7, 57, 11, 4),
(1050, 1090, 7, 57, 12, 4),
(1051, 1091, 17, 57, 13, 12),
(1052, 1092, 17, 57, 14, 12),
(1053, 1093, 17, 57, 15, 12),
(1054, 1094, 17, 57, 16, 17),
(1055, 1095, 17, 57, 17, 17),
(1056, 1096, 17, 57, 18, 17);

-- --------------------------------------------------------

--
-- Table structure for table `task_images`
--

CREATE TABLE `task_images` (
  `id` int(11) NOT NULL,
  `filePath` varchar(100) NOT NULL
) ENGINE=InnoDB DEFAULT CHARSET=utf8mb4;

--
-- Dumping data for table `task_images`
--

INSERT INTO `task_images` (`id`, `filePath`) VALUES
(30, 'file-1651658792627.png'),
(31, 'file-1651658851334.png'),
(32, 'file-1651658911902.png'),
(33, 'file-1651659010617.png'),
(34, 'file-1651695101954.png'),
(35, 'file-1651695154466.png'),
(36, 'file-1651695164053.png'),
(37, 'file-1651695210467.png'),
(38, 'file-1651695231827.png'),
(39, 'file-1651695252230.png'),
(40, 'file-1651695274185.png'),
(41, 'file-1651695302698.png'),
(42, 'file-1651695319936.png'),
(43, 'file-1651695404655.png'),
(44, 'file-1651695433650.png'),
(45, 'file-1651695441568.png'),
(46, 'file-1655406218678.png'),
(47, 'file-1655406287792.png'),
(48, 'file-1655406312309.png'),
(49, 'file-1655406349960.png'),
(50, 'file-1655406365581.png'),
(51, 'file-1655406389336.png'),
(52, 'file-1655406407142.png'),
(53, 'file-1655406423877.png'),
(54, 'file-1655406437762.png'),
(55, 'file-1655406492487.png'),
(56, 'file-1655406508187.png'),
(57, 'file-1655406522069.png'),
(58, 'file-1655406558068.png'),
(59, 'file-1655406573345.png'),
(60, 'file-1655406587099.png'),
(61, 'file-1655406600153.png'),
(62, 'file-1655406610550.png'),
(63, 'file-1655406622446.png'),
(64, 'file-1655406633990.png'),
(65, 'file-1655406647009.png'),
(66, 'file-1655406659839.png'),
(67, 'file-1655406686282.png'),
(68, 'file-1655406700051.png'),
(69, 'file-1655406711182.png'),
(70, 'file-1655406752142.png'),
(71, 'file-1655406766681.png'),
(72, 'file-1655406777852.png'),
(73, 'file-1655406792238.png'),
(74, 'file-1655406804485.png'),
(75, 'file-1655406827890.png'),
(76, 'file-1655406841106.png'),
(77, 'file-1655406853455.png'),
(78, 'file-1655406864120.png'),
(79, 'file-1655406875179.png'),
(80, 'file-1655406885323.png'),
(81, 'file-1655406896128.png'),
(82, 'file-1655406930315.png'),
(83, 'file-1655406940439.png'),
(84, 'file-1655406954159.png'),
(85, 'file-1655406985075.png'),
(86, 'file-1655406998521.png'),
(87, 'file-1655407010164.png'),
(88, 'file-1655407021611.png'),
(89, 'file-1655407034257.png'),
(90, 'file-1655407046607.png'),
(91, 'file-1655407057335.png'),
(92, 'file-1655407066795.png'),
(93, 'file-1655407078857.png'),
(94, 'file-1655407135619.png'),
(95, 'file-1655407147465.png'),
(96, 'file-1655407165054.png'),
(97, 'file-1655407180270.png'),
(98, 'file-1655407209755.png'),
(99, 'file-1656625977727.png'),
(100, 'file-1656626057093.png'),
(101, 'file-1656626456705.png'),
(102, 'file-1656626456716.png'),
(103, 'file-1656626562619.png'),
(104, 'file-1656626562629.png'),
(105, 'file-1656626562644.png'),
(106, 'file-1656626713801.png'),
(107, 'file-1656626713814.png'),
(108, 'file-1656626713838.png'),
(109, 'file-1656626744416.png'),
(110, 'file-1656626744428.png'),
(111, 'file-1656626744453.png'),
(112, 'file-1656626744491.png'),
(113, 'file-1656626744542.png'),
(114, 'file-1656626744558.png'),
(115, 'file-1656626744576.png'),
(116, 'file-1656626744596.png'),
(117, 'file-1656626744614.png'),
(118, 'file-1656626744647.png'),
(119, 'file-1656626744672.png'),
(120, 'file-1656626744698.png'),
(121, 'file-1656626744720.png'),
(122, 'file-1656626744738.png'),
(123, 'file-1656626744755.png'),
(124, 'file-1656626744777.png'),
(125, 'file-1656626744823.png'),
(126, 'file-1656626744852.png'),
(127, 'file-1656626744893.png'),
(128, 'file-1656626744909.png'),
(129, 'file-1656626744931.png'),
(130, 'file-1656626744954.png'),
(131, 'file-1656626744979.png'),
(132, 'file-1656626744993.png'),
(133, 'file-1656626745015.png'),
(134, 'file-1656626745042.png'),
(135, 'file-1656626745063.png'),
(136, 'file-1656626745085.png'),
(137, 'file-1656626745116.png'),
(138, 'file-1656626745148.png'),
(139, 'file-1656626745169.png'),
(140, 'file-1656626745209.png'),
(141, 'file-1656626745231.png'),
(142, 'file-1656626745250.png'),
(143, 'file-1656626745280.png'),
(144, 'file-1656626745307.png'),
(145, 'file-1656626745329.png'),
(146, 'file-1656626745346.png'),
(147, 'file-1656626745364.png'),
(148, 'file-1656626745380.png'),
(149, 'file-1656626745397.png'),
(150, 'file-1656626745415.png'),
(151, 'file-1656626745443.png'),
(152, 'file-1656626745456.png'),
(153, 'file-1656626745486.png'),
(154, 'file-1656626745502.png'),
(155, 'file-1656626745517.png'),
(156, 'file-1656626745537.png'),
(157, 'file-1656626745561.png'),
(158, 'file-1656626745594.png'),
(159, 'file-1656626745619.png'),
(160, 'file-1656626745647.png'),
(161, 'file-1656626745679.png'),
(162, 'file-1656626745704.png'),
(163, 'file-1656626745738.png'),
(164, 'file-1656626745760.png'),
(165, 'file-1656626745777.png'),
(166, 'file-1656626745795.png'),
(167, 'file-1656626745821.png'),
(168, 'file-1656626745837.png'),
(169, 'file-1656626745856.png'),
(170, 'file-1656626745873.png'),
(171, 'file-1656626745897.png'),
(172, 'file-1656626745922.png'),
(173, 'file-1656626745949.png'),
(174, 'file-1656626745963.png'),
(175, 'file-1656626745989.png'),
(176, 'file-1656626746004.png'),
(177, 'file-1656626746025.png'),
(178, 'file-1656626746046.png'),
(179, 'file-1656626746085.png'),
(180, 'file-1656626746107.png'),
(181, 'file-1656626746128.png'),
(182, 'file-1656626746148.png'),
(183, 'file-1656626746175.png'),
(184, 'file-1656626746200.png'),
(185, 'file-1656626746226.png'),
(186, 'file-1656626746242.png'),
(187, 'file-1656626746262.png'),
(188, 'file-1656626746276.png'),
(189, 'file-1656626746296.png'),
(190, 'file-1656626746310.png'),
(191, 'file-1656626746330.png'),
(192, 'file-1656626746351.png'),
(193, 'file-1656626746371.png'),
(194, 'file-1656626746391.png'),
(195, 'file-1656626746420.png'),
(196, 'file-1656626746447.png'),
(197, 'file-1656626746483.png'),
(198, 'file-1656626746506.png'),
(199, 'file-1656626746525.png'),
(200, 'file-1656626746554.png'),
(201, 'file-1656626746582.png'),
(202, 'file-1656626746608.png'),
(203, 'file-1656626746634.png'),
(204, 'file-1656626746665.png'),
(205, 'file-1656626746732.png'),
(206, 'file-1656626746804.png'),
(207, 'file-1656626746833.png'),
(208, 'file-1656626746856.png'),
(209, 'file-1656626746891.png'),
(210, 'file-1656626746916.png'),
(211, 'file-1656626746936.png'),
(212, 'file-1656626746962.png'),
(213, 'file-1656626746983.png'),
(214, 'file-1656626747021.png'),
(215, 'file-1656626747052.png'),
(216, 'file-1656626747094.png'),
(217, 'file-1656626747117.png'),
(218, 'file-1656626747136.png'),
(219, 'file-1656626747162.png'),
(220, 'file-1656626747213.png'),
(221, 'file-1656626747227.png'),
(222, 'file-1656626747253.png'),
(223, 'file-1656626747274.png'),
(224, 'file-1656626747306.png'),
(225, 'file-1656626747321.png'),
(226, 'file-1656626747344.png'),
(227, 'file-1656626747364.png'),
(228, 'file-1656626747394.png'),
(229, 'file-1656626747411.png'),
(230, 'file-1656626747438.png'),
(231, 'file-1656626747461.png'),
(232, 'file-1656626747495.png'),
(233, 'file-1656626747526.png'),
(234, 'file-1656626747551.png'),
(235, 'file-1656626747584.png'),
(236, 'file-1656626747603.png'),
(237, 'file-1656626747623.png'),
(238, 'file-1656626747645.png'),
(239, 'file-1656626747663.png'),
(240, 'file-1656626747677.png'),
(241, 'file-1656626747711.png'),
(242, 'file-1656626747731.png'),
(243, 'file-1656626747754.png'),
(244, 'file-1656626747775.png'),
(245, 'file-1656626748178.png'),
(246, 'file-1656626748194.png'),
(247, 'file-1656626748215.png'),
(248, 'file-1656626748236.png'),
(249, 'file-1656626748258.png'),
(250, 'file-1656626748279.png'),
(251, 'file-1656626748299.png'),
(252, 'file-1656626748321.png'),
(253, 'file-1656626748336.png'),
(254, 'file-1656626748365.png'),
(255, 'file-1656626748382.png'),
(256, 'file-1656626748404.png'),
(257, 'file-1656626748422.png'),
(258, 'file-1656626748449.png'),
(259, 'file-1656626748464.png'),
(260, 'file-1656626748483.png'),
(261, 'file-1656626748499.png'),
(262, 'file-1656626748523.png'),
(263, 'file-1656626748543.png'),
(264, 'file-1656626748569.png'),
(265, 'file-1656626748592.png'),
(266, 'file-1656626748634.png'),
(267, 'file-1656626748655.png'),
(268, 'file-1656626748684.png'),
(269, 'file-1656626748720.png'),
(270, 'file-1656626748748.png'),
(271, 'file-1656626748767.png'),
(272, 'file-1656626748794.png'),
(273, 'file-1656626748815.png'),
(274, 'file-1656626748842.png'),
(275, 'file-1656626748863.png'),
(276, 'file-1656626748881.png'),
(277, 'file-1656626748896.png'),
(278, 'file-1656626748915.png'),
(279, 'file-1656626748935.png'),
(280, 'file-1656626748970.png'),
(281, 'file-1656626748990.png'),
(282, 'file-1656626749019.png'),
(283, 'file-1656626749041.png'),
(284, 'file-1656626749076.png'),
(285, 'file-1656626749099.png'),
(286, 'file-1656626749133.png'),
(287, 'file-1656626749165.png'),
(288, 'file-1656626749190.png'),
(289, 'file-1656626749206.png'),
(290, 'file-1656626749228.png'),
(291, 'file-1656626749243.png'),
(292, 'file-1656626749270.png'),
(293, 'file-1656626749291.png'),
(294, 'file-1656626749313.png'),
(295, 'file-1656626749330.png'),
(296, 'file-1656626749354.png'),
(297, 'file-1656626749367.png'),
(298, 'file-1656626749390.png'),
(299, 'file-1656626749414.png'),
(300, 'file-1656626749444.png'),
(301, 'file-1656626749466.png'),
(302, 'file-1656626749489.png'),
(303, 'file-1656626749506.png'),
(304, 'file-1656626749533.png'),
(305, 'file-1656626749560.png'),
(306, 'file-1656626749598.png'),
(307, 'file-1656626749625.png'),
(308, 'file-1656626749639.png'),
(309, 'file-1656626749667.png'),
(310, 'file-1656626749690.png'),
(311, 'file-1656626749712.png'),
(312, 'file-1656626749733.png'),
(313, 'file-1656626749760.png'),
(314, 'file-1656626749786.png'),
(315, 'file-1656626749804.png'),
(316, 'file-1656626749843.png'),
(317, 'file-1656626749868.png'),
(318, 'file-1656626749894.png'),
(319, 'file-1656626749913.png'),
(320, 'file-1656626749941.png'),
(321, 'file-1656626749962.png'),
(322, 'file-1656626750001.png'),
(323, 'file-1656626750034.png'),
(324, 'file-1656626750082.png'),
(325, 'file-1656626750108.png'),
(326, 'file-1656626750125.png'),
(327, 'file-1656626750160.png'),
(328, 'file-1656626750185.png'),
(329, 'file-1656626750212.png'),
(330, 'file-1656626750230.png'),
(331, 'file-1656626750256.png'),
(332, 'file-1656626750285.png'),
(333, 'file-1656626750306.png'),
(334, 'file-1656626750329.png'),
(335, 'file-1656626750359.png'),
(336, 'file-1656626750377.png'),
(337, 'file-1656626750396.png'),
(338, 'file-1656626750422.png'),
(339, 'file-1656626750450.png'),
(340, 'file-1656626750488.png'),
(341, 'file-1656626750509.png'),
(342, 'file-1656626750552.png'),
(343, 'file-1656626750576.png'),
(344, 'file-1656626750607.png'),
(345, 'file-1656626750624.png'),
(346, 'file-1656626750645.png'),
(347, 'file-1656626751686.png'),
(348, 'file-1656626751716.png'),
(349, 'file-1656626751740.png'),
(350, 'file-1656626751767.png'),
(351, 'file-1656626751794.png'),
(352, 'file-1656626751823.png'),
(353, 'file-1656626751855.png'),
(354, 'file-1656626751879.png'),
(355, 'file-1656626751927.png'),
(356, 'file-1656626751977.png'),
(357, 'file-1656626752002.png'),
(358, 'file-1656626752027.png'),
(359, 'file-1656626752063.png'),
(360, 'file-1656626752117.png'),
(361, 'file-1656626752152.png'),
(362, 'file-1656626752185.png'),
(363, 'file-1656626752221.png'),
(364, 'file-1656626752255.png'),
(365, 'file-1656626752285.png'),
(366, 'file-1656626752318.png'),
(367, 'file-1656626752374.png'),
(368, 'file-1656626752473.png'),
(369, 'file-1656626752506.png'),
(370, 'file-1656626752540.png'),
(371, 'file-1656626752570.png'),
(372, 'file-1656626752612.png'),
(373, 'file-1656626752642.png'),
(374, 'file-1656626752687.png'),
(375, 'file-1656626752736.png'),
(376, 'file-1656626752794.png'),
(377, 'file-1656626752831.png'),
(378, 'file-1656626752880.png'),
(379, 'file-1656626752903.png'),
(380, 'file-1656626752938.png'),
(381, 'file-1656626752962.png'),
(382, 'file-1656626752997.png'),
(383, 'file-1656626753032.png'),
(384, 'file-1656626753063.png'),
(385, 'file-1656626753098.png'),
(386, 'file-1656626753139.png'),
(387, 'file-1656626753173.png'),
(388, 'file-1656626753204.png'),
(389, 'file-1656626753233.png'),
(390, 'file-1656626753268.png'),
(391, 'file-1656626753301.png'),
(392, 'file-1656626753344.png'),
(393, 'file-1656626753386.png'),
(394, 'file-1656626753421.png'),
(395, 'file-1656626753467.png'),
(396, 'file-1656626753512.png'),
(397, 'file-1656626753545.png'),
(398, 'file-1656626753564.png'),
(399, 'file-1656626753591.png'),
(400, 'file-1656626753616.png'),
(401, 'file-1656626753656.png'),
(402, 'file-1656626753687.png'),
(403, 'file-1656626753733.png'),
(404, 'file-1656626753762.png'),
(405, 'file-1656626753795.png'),
(406, 'file-1656626753830.png'),
(407, 'file-1656626753861.png'),
(408, 'file-1656626753880.png'),
(409, 'file-1656626753919.png'),
(410, 'file-1656626753939.png'),
(411, 'file-1656626753975.png'),
(412, 'file-1656626754024.png'),
(413, 'file-1656626754080.png'),
(414, 'file-1656626754123.png'),
(415, 'file-1656626754149.png'),
(416, 'file-1656626754181.png'),
(417, 'file-1656626754217.png'),
(418, 'file-1656626754259.png'),
(419, 'file-1656626754301.png'),
(420, 'file-1656626754335.png'),
(421, 'file-1656626754352.png'),
(422, 'file-1656626754393.png'),
(423, 'file-1656626754436.png'),
(424, 'file-1656626754466.png'),
(425, 'file-1656626754503.png'),
(426, 'file-1656626754538.png'),
(427, 'file-1656626754582.png'),
(428, 'file-1656626754617.png'),
(429, 'file-1656626754656.png'),
(430, 'file-1656626754703.png'),
(431, 'file-1656626754740.png'),
(432, 'file-1656626754758.png'),
(433, 'file-1656626754787.png'),
(434, 'file-1656626754815.png'),
(435, 'file-1656626754844.png'),
(436, 'file-1656626754871.png'),
(437, 'file-1656626754911.png'),
(438, 'file-1656626754940.png'),
(439, 'file-1656626754978.png'),
(440, 'file-1656626755009.png'),
(441, 'file-1656626755034.png'),
(442, 'file-1656626755050.png'),
(443, 'file-1656626755069.png'),
(444, 'file-1656626755088.png'),
(445, 'file-1656626755106.png'),
(446, 'file-1656626755131.png'),
(447, 'file-1656626755167.png'),
(448, 'file-1656626755215.png'),
(449, 'file-1656626755252.png'),
(450, 'file-1656626755306.png'),
(451, 'file-1656626755328.png'),
(452, 'file-1656626755366.png'),
(453, 'file-1656626755392.png'),
(454, 'file-1656626755425.png'),
(455, 'file-1656626755452.png'),
(456, 'file-1656626755485.png'),
(457, 'file-1656626755529.png'),
(458, 'file-1656626755561.png'),
(459, 'file-1656626755593.png'),
(460, 'file-1656626755622.png'),
(461, 'file-1656626755656.png'),
(462, 'file-1656626755686.png'),
(463, 'file-1656626755725.png'),
(464, 'file-1656626755783.png'),
(465, 'file-1656626755806.png'),
(466, 'file-1656626755842.png'),
(467, 'file-1656626755871.png'),
(468, 'file-1656626755907.png'),
(469, 'file-1656626755932.png'),
(470, 'file-1656626755962.png'),
(471, 'file-1656626755995.png'),
(472, 'file-1656626756029.png'),
(473, 'file-1656626756059.png'),
(474, 'file-1656626756091.png'),
(475, 'file-1656626756124.png'),
(476, 'file-1656626756153.png'),
(477, 'file-1656626756184.png'),
(478, 'file-1656626756221.png'),
(479, 'file-1656626756260.png'),
(480, 'file-1656626756297.png'),
(481, 'file-1656626756339.png'),
(482, 'file-1656626756366.png'),
(483, 'file-1656626756386.png'),
(484, 'file-1656626756432.png'),
(485, 'file-1656626756462.png'),
(486, 'file-1656626756501.png'),
(487, 'file-1656626756523.png'),
(488, 'file-1656626756552.png'),
(489, 'file-1656626756582.png'),
(490, 'file-1656626756633.png'),
(491, 'file-1656626756651.png'),
(492, 'file-1656626756668.png'),
(493, 'file-1656626756698.png'),
(494, 'file-1656626756726.png'),
(495, 'file-1656626756782.png'),
(496, 'file-1656626756829.png'),
(497, 'file-1656626756875.png'),
(498, 'file-1656626756925.png'),
(499, 'file-1656626756961.png'),
(500, 'file-1656626756991.png'),
(501, 'file-1656626757050.png'),
(502, 'file-1656626757084.png'),
(503, 'file-1656626757137.png'),
(504, 'file-1656626757167.png'),
(505, 'file-1656626757208.png'),
(506, 'file-1656626757254.png'),
(507, 'file-1656626757289.png'),
(508, 'file-1656626757324.png'),
(509, 'file-1656626757368.png'),
(510, 'file-1656626757404.png'),
(511, 'file-1656626757438.png'),
(512, 'file-1656626757477.png'),
(513, 'file-1656626757516.png'),
(514, 'file-1656626757546.png'),
(515, 'file-1656626757580.png'),
(516, 'file-1656626757619.png'),
(517, 'file-1656626757658.png'),
(518, 'file-1656626757706.png'),
(519, 'file-1656626757732.png'),
(520, 'file-1656626757757.png'),
(521, 'file-1656626757804.png'),
(522, 'file-1656626757842.png'),
(523, 'file-1656626757879.png'),
(524, 'file-1656626757922.png'),
(525, 'file-1656626757964.png'),
(526, 'file-1656626757995.png'),
(527, 'file-1656626758031.png'),
(528, 'file-1656626758067.png'),
(529, 'file-1656626758106.png'),
(530, 'file-1656626758139.png'),
(531, 'file-1656626758157.png'),
(532, 'file-1656626758176.png'),
(533, 'file-1656626758192.png'),
(534, 'file-1656626758207.png'),
(535, 'file-1656626758235.png'),
(536, 'file-1656626758261.png'),
(537, 'file-1656626758281.png'),
(538, 'file-1656626758321.png'),
(539, 'file-1656626758342.png'),
(540, 'file-1656626758363.png'),
(541, 'file-1656626758392.png'),
(542, 'file-1656626758410.png'),
(543, 'file-1656626758426.png'),
(544, 'file-1656626758445.png'),
(545, 'file-1656626758465.png'),
(546, 'file-1656626758482.png'),
(547, 'file-1656626758497.png'),
(548, 'file-1656626758514.png'),
(549, 'file-1656626758531.png'),
(550, 'file-1656626758547.png'),
(551, 'file-1656626758564.png'),
(552, 'file-1656626758583.png'),
(553, 'file-1656626758602.png'),
(554, 'file-1656626758621.png'),
(555, 'file-1656626758639.png'),
(556, 'file-1656626758664.png'),
(557, 'file-1656626758702.png'),
(558, 'file-1656626758739.png'),
(559, 'file-1656626758755.png'),
(560, 'file-1656626758771.png'),
(561, 'file-1656626758790.png'),
(562, 'file-1656626758806.png'),
(563, 'file-1656626758823.png'),
(564, 'file-1656626758838.png'),
(565, 'file-1656626758851.png'),
(566, 'file-1656626758867.png'),
(567, 'file-1656626758887.png'),
(568, 'file-1656626758903.png'),
(569, 'file-1656626758919.png'),
(570, 'file-1656626758940.png'),
(571, 'file-1656626758961.png'),
(572, 'file-1656626758990.png'),
(573, 'file-1656626759008.png'),
(574, 'file-1656626759032.png'),
(575, 'file-1656626759049.png'),
(576, 'file-1656626759119.png'),
(577, 'file-1656626759138.png'),
(578, 'file-1656626759161.png'),
(579, 'file-1656626759189.png'),
(580, 'file-1656626759214.png'),
(581, 'file-1656626759265.png'),
(582, 'file-1656626759312.png'),
(583, 'file-1656626759357.png'),
(584, 'file-1656626759386.png'),
(585, 'file-1656626759424.png'),
(586, 'file-1656626759447.png'),
(587, 'file-1656626759469.png'),
(588, 'file-1656626759507.png'),
(589, 'file-1656626759528.png'),
(590, 'file-1656626759581.png'),
(591, 'file-1656626759630.png'),
(592, 'file-1656626759671.png'),
(593, 'file-1656626759711.png'),
(594, 'file-1656626759773.png'),
(595, 'file-1656626759806.png'),
(596, 'file-1656626759989.png'),
(597, 'file-1656626760062.png'),
(598, 'file-1656626760111.png'),
(599, 'file-1656626760160.png'),
(600, 'file-1656626760212.png'),
(601, 'file-1656626760266.png'),
(602, 'file-1656626760328.png'),
(603, 'file-1656626760369.png'),
(604, 'file-1656626760409.png'),
(605, 'file-1656626760448.png'),
(606, 'file-1656626760490.png'),
(607, 'file-1656626760531.png'),
(608, 'file-1656626760602.png'),
(609, 'file-1656626760675.png'),
(610, 'file-1656626760728.png'),
(611, 'file-1656626760757.png'),
(612, 'file-1656626760844.png'),
(613, 'file-1656626760878.png'),
(614, 'file-1656626760908.png'),
(615, 'file-1656626760950.png'),
(616, 'file-1656626760969.png'),
(617, 'file-1656626760996.png'),
(618, 'file-1656626761016.png'),
(619, 'file-1656626761033.png'),
(620, 'file-1656626761051.png'),
(621, 'file-1656626761075.png'),
(622, 'file-1656626761094.png'),
(623, 'file-1656626761111.png'),
(624, 'file-1656626761128.png'),
(625, 'file-1656626761149.png'),
(626, 'file-1656626761165.png'),
(627, 'file-1656626761188.png'),
(628, 'file-1656626761213.png'),
(629, 'file-1656626761243.png'),
(630, 'file-1656626761279.png'),
(631, 'file-1656626761302.png'),
(632, 'file-1656626761326.png'),
(633, 'file-1656626761349.png'),
(634, 'file-1656626761370.png'),
(635, 'file-1656626761390.png'),
(636, 'file-1656626761409.png'),
(637, 'file-1656626761437.png'),
(638, 'file-1656626761463.png'),
(639, 'file-1656626761489.png'),
(640, 'file-1656626761507.png'),
(641, 'file-1656626761526.png'),
(642, 'file-1656626761546.png'),
(643, 'file-1656626761569.png'),
(644, 'file-1656626761595.png'),
(645, 'file-1656626761615.png'),
(646, 'file-1656626761641.png'),
(647, 'file-1656626761666.png'),
(648, 'file-1656626761683.png'),
(649, 'file-1656626761704.png'),
(650, 'file-1656626761720.png'),
(651, 'file-1656626761739.png'),
(652, 'file-1656626761760.png'),
(653, 'file-1656626761775.png'),
(654, 'file-1656626761792.png'),
(655, 'file-1656626761809.png'),
(656, 'file-1656626761830.png'),
(657, 'file-1656626761847.png'),
(658, 'file-1656626761864.png'),
(659, 'file-1656626761881.png'),
(660, 'file-1656626761902.png'),
(661, 'file-1656626761930.png'),
(662, 'file-1656626761996.png'),
(663, 'file-1656626762060.png'),
(664, 'file-1656626762127.png'),
(665, 'file-1656626762172.png'),
(666, 'file-1656626762224.png'),
(667, 'file-1656626762245.png'),
(668, 'file-1656626762268.png'),
(669, 'file-1656626762333.png'),
(670, 'file-1656626762385.png'),
(671, 'file-1656626762476.png'),
(672, 'file-1656626762524.png'),
(673, 'file-1656626762601.png'),
(674, 'file-1656626762688.png'),
(675, 'file-1656626762755.png'),
(676, 'file-1656626762774.png'),
(677, 'file-1656626762800.png'),
(678, 'file-1656626762882.png'),
(679, 'file-1656626762978.png'),
(680, 'file-1656626763030.png'),
(681, 'file-1656626763092.png'),
(682, 'file-1656626763114.png'),
(683, 'file-1656626763174.png'),
(684, 'file-1656626763237.png'),
(685, 'file-1656626763291.png'),
(686, 'file-1656626763321.png'),
(687, 'file-1656626763349.png'),
(688, 'file-1656626763397.png'),
(689, 'file-1656626763456.png'),
(690, 'file-1656626763508.png'),
(691, 'file-1656626763561.png'),
(692, 'file-1656626763619.png'),
(693, 'file-1656626763674.png'),
(694, 'file-1656626763695.png'),
(695, 'file-1656626763755.png'),
(696, 'file-1656626763809.png'),
(697, 'file-1656626763886.png'),
(698, 'file-1656626763930.png'),
(699, 'file-1656626763969.png'),
(700, 'file-1656626764017.png'),
(701, 'file-1656626764086.png'),
(702, 'file-1656626764150.png'),
(703, 'file-1656626764211.png'),
(704, 'file-1656626764258.png'),
(705, 'file-1656626764299.png'),
(706, 'file-1656626764364.png'),
(707, 'file-1656626764412.png'),
(708, 'file-1656626764465.png'),
(709, 'file-1656626764503.png'),
(710, 'file-1656626764550.png'),
(711, 'file-1656626764615.png'),
(712, 'file-1656626764636.png'),
(713, 'file-1656626764683.png'),
(714, 'file-1656626764744.png'),
(715, 'file-1656626764768.png'),
(716, 'file-1656626764791.png'),
(717, 'file-1656626764825.png'),
(718, 'file-1656626764855.png'),
(719, 'file-1656626764893.png'),
(720, 'file-1656626764948.png'),
(721, 'file-1656626764995.png'),
(722, 'file-1656626765052.png'),
(723, 'file-1656626765100.png'),
(724, 'file-1656626765120.png'),
(725, 'file-1656626765167.png'),
(726, 'file-1656626765184.png'),
(727, 'file-1656626765202.png'),
(728, 'file-1656626765252.png'),
(729, 'file-1656626765306.png'),
(730, 'file-1656626765370.png'),
(731, 'file-1656626765398.png'),
(732, 'file-1656626765457.png'),
(733, 'file-1656626765508.png'),
(734, 'file-1656626765569.png'),
(735, 'file-1656626765663.png'),
(736, 'file-1656626765692.png'),
(737, 'file-1656626765794.png'),
(738, 'file-1656626765823.png'),
(739, 'file-1656626765849.png'),
(740, 'file-1656626765880.png'),
(741, 'file-1656626765935.png'),
(742, 'file-1656626766007.png'),
(743, 'file-1656626766053.png'),
(744, 'file-1656626766116.png'),
(745, 'file-1656626766167.png'),
(746, 'file-1656626766191.png'),
(747, 'file-1656626766260.png'),
(748, 'file-1656626766302.png'),
(749, 'file-1656626766350.png'),
(750, 'file-1656626766414.png'),
(751, 'file-1656626766479.png'),
(752, 'file-1656626766506.png'),
(753, 'file-1656626766565.png'),
(754, 'file-1656626766644.png'),
(755, 'file-1656626766734.png'),
(756, 'file-1656626766803.png'),
(757, 'file-1656626766861.png'),
(758, 'file-1656626766949.png'),
(759, 'file-1656626767035.png'),
(760, 'file-1656626767083.png'),
(761, 'file-1656626767159.png'),
(762, 'file-1656626767212.png'),
(763, 'file-1656626767275.png'),
(764, 'file-1656626767328.png'),
(765, 'file-1656626767401.png'),
(766, 'file-1656626767448.png'),
(767, 'file-1656626767471.png'),
(768, 'file-1656626767547.png'),
(769, 'file-1656626767601.png'),
(770, 'file-1656626767658.png'),
(771, 'file-1656626767723.png'),
(772, 'file-1656626767790.png'),
(773, 'file-1656626767855.png'),
(774, 'file-1656626767904.png'),
(775, 'file-1656626767975.png'),
(776, 'file-1656626768019.png'),
(777, 'file-1656626768075.png'),
(778, 'file-1656626768133.png'),
(779, 'file-1656626768193.png'),
(780, 'file-1656626768249.png'),
(781, 'file-1656626768311.png'),
(782, 'file-1656626768365.png'),
(783, 'file-1656626768424.png'),
(784, 'file-1656626768491.png'),
(785, 'file-1656626768533.png'),
(786, 'file-1656626768565.png'),
(787, 'file-1656626768627.png'),
(788, 'file-1656626768730.png'),
(789, 'file-1656626768787.png'),
(790, 'file-1656626768858.png'),
(791, 'file-1656626768925.png'),
(792, 'file-1656626768990.png'),
(793, 'file-1656626769045.png'),
(794, 'file-1656626769109.png'),
(795, 'file-1656626769177.png'),
(796, 'file-1656626769236.png'),
(797, 'file-1656626769288.png'),
(798, 'file-1656626769334.png'),
(799, 'file-1656626769358.png'),
(800, 'file-1656626769380.png'),
(801, 'file-1656626769412.png'),
(802, 'file-1656626769431.png'),
(803, 'file-1656626769458.png'),
(804, 'file-1656626769480.png'),
(805, 'file-1656626769505.png'),
(806, 'file-1656626769556.png'),
(807, 'file-1656626769614.png'),
(808, 'file-1656626769693.png'),
(809, 'file-1656626769733.png'),
(810, 'file-1656626769753.png'),
(811, 'file-1656626769805.png'),
(812, 'file-1656626769827.png'),
(813, 'file-1656626769849.png'),
(814, 'file-1656626769869.png'),
(815, 'file-1656626769889.png'),
(816, 'file-1656626769909.png'),
(817, 'file-1656626769928.png'),
(818, 'file-1656626769949.png'),
(819, 'file-1656626770010.png'),
(820, 'file-1656626770060.png'),
(821, 'file-1656626770117.png'),
(822, 'file-1656626770147.png'),
(823, 'file-1656626770180.png'),
(824, 'file-1656626770216.png'),
(825, 'file-1656626770269.png'),
(826, 'file-1656626770339.png'),
(827, 'file-1656626770395.png'),
(828, 'file-1656626770447.png'),
(829, 'file-1656626770502.png'),
(830, 'file-1656626770555.png'),
(831, 'file-1656626770624.png'),
(832, 'file-1656626770694.png'),
(833, 'file-1656626770756.png'),
(834, 'file-1656626770810.png'),
(835, 'file-1656626770871.png'),
(836, 'file-1656626770930.png'),
(837, 'file-1656626770983.png'),
(838, 'file-1656626771041.png'),
(839, 'file-1656626771094.png'),
(840, 'file-1656626771117.png'),
(841, 'file-1656626771175.png'),
(842, 'file-1656626771240.png'),
(843, 'file-1656626771303.png'),
(844, 'file-1656626771382.png'),
(845, 'file-1656626771438.png'),
(846, 'file-1656626771484.png'),
(847, 'file-1656626771547.png'),
(848, 'file-1656626771594.png'),
(849, 'file-1656626771647.png'),
(850, 'file-1656626771701.png'),
(851, 'file-1656626771739.png'),
(852, 'file-1656626771802.png'),
(853, 'file-1656626771862.png'),
(854, 'file-1656626771930.png'),
(855, 'file-1656626771982.png'),
(856, 'file-1656626772018.png'),
(857, 'file-1656626772056.png'),
(858, 'file-1656626772083.png'),
(859, 'file-1656626772191.png'),
(860, 'file-1656626772218.png'),
(861, 'file-1656626772304.png'),
(862, 'file-1656626772361.png'),
(863, 'file-1656626772471.png'),
(864, 'file-1656626772546.png'),
(865, 'file-1656626772633.png'),
(866, 'file-1656626772717.png'),
(867, 'file-1656626772792.png'),
(868, 'file-1656626772882.png'),
(869, 'file-1656626772952.png'),
(870, 'file-1656626772994.png'),
(871, 'file-1656626773068.png'),
(872, 'file-1656626773091.png'),
(873, 'file-1656626773182.png'),
(874, 'file-1656626773249.png'),
(875, 'file-1656626773325.png'),
(876, 'file-1656626773392.png'),
(877, 'file-1656626773466.png'),
(878, 'file-1656626773531.png'),
(879, 'file-1656626773619.png'),
(880, 'file-1656626773704.png'),
(881, 'file-1656626773760.png'),
(882, 'file-1656626773825.png'),
(883, 'file-1656626773887.png'),
(884, 'file-1656626773962.png'),
(885, 'file-1656626774032.png'),
(886, 'file-1656626774118.png'),
(887, 'file-1656626774191.png'),
(888, 'file-1656626774268.png'),
(889, 'file-1656626774331.png'),
(890, 'file-1656626774408.png'),
(891, 'file-1656626774471.png'),
(892, 'file-1656626774499.png'),
(893, 'file-1656626774538.png'),
(894, 'file-1656626774571.png'),
(895, 'file-1656626774591.png'),
(896, 'file-1656626774617.png'),
(897, 'file-1656626774645.png'),
(898, 'file-1656626774677.png'),
(899, 'file-1656626774709.png'),
(900, 'file-1656626774734.png'),
(901, 'file-1656626774758.png'),
(902, 'file-1656626774780.png'),
(903, 'file-1656626774803.png'),
(904, 'file-1656626774824.png'),
(905, 'file-1656626774847.png'),
(906, 'file-1656626774869.png'),
(907, 'file-1656626774894.png'),
(908, 'file-1656626774917.png'),
(909, 'file-1656626774937.png'),
(910, 'file-1656626774959.png'),
(911, 'file-1656626774980.png'),
(912, 'file-1656626775008.png'),
(913, 'file-1656626775046.png'),
(914, 'file-1656626775084.png'),
(915, 'file-1656626775127.png'),
(916, 'file-1656626775164.png'),
(917, 'file-1656626775191.png'),
(918, 'file-1656626775218.png'),
(919, 'file-1656626775248.png'),
(920, 'file-1656626775275.png'),
(921, 'file-1656626775299.png'),
(922, 'file-1656626775321.png'),
(923, 'file-1656626775344.png'),
(924, 'file-1656626775381.png'),
(925, 'file-1656626775404.png'),
(926, 'file-1656626775425.png'),
(927, 'file-1656626775462.png'),
(928, 'file-1656626775490.png'),
(929, 'file-1656626775515.png'),
(930, 'file-1656626775545.png'),
(931, 'file-1656626775596.png'),
(932, 'file-1656626775631.png'),
(933, 'file-1656626775665.png'),
(934, 'file-1656626775743.png'),
(935, 'file-1656626775782.png'),
(936, 'file-1656626775813.png'),
(937, 'file-1656626775838.png'),
(938, 'file-1656626775927.png'),
(939, 'file-1656626775958.png'),
(940, 'file-1656626775999.png'),
(941, 'file-1656626776034.png'),
(942, 'file-1656626776073.png'),
(943, 'file-1656626776099.png'),
(944, 'file-1656626776165.png'),
(945, 'file-1656626776193.png'),
(946, 'file-1656626776221.png'),
(947, 'file-1656626776246.png'),
(948, 'file-1656626776319.png'),
(949, 'file-1656626776349.png'),
(950, 'file-1656626776387.png'),
(951, 'file-1656626776415.png'),
(952, 'file-1656626776445.png'),
(953, 'file-1656626776490.png'),
(954, 'file-1656626776544.png'),
(955, 'file-1656626776584.png'),
(956, 'file-1656626776611.png'),
(957, 'file-1656626776635.png'),
(958, 'file-1656626776658.png'),
(959, 'file-1656626776686.png'),
(960, 'file-1656626776770.png'),
(961, 'file-1656626776799.png'),
(962, 'file-1656626776828.png'),
(963, 'file-1656626776858.png'),
(964, 'file-1656626776886.png'),
(965, 'file-1656626776925.png'),
(966, 'file-1656626776953.png'),
(967, 'file-1656626777107.png'),
(968, 'file-1656626777142.png'),
(969, 'file-1656626777177.png'),
(970, 'file-1656626777256.png'),
(971, 'file-1656626777288.png'),
(972, 'file-1656626777317.png'),
(973, 'file-1656626777339.png'),
(974, 'file-1656626777435.png'),
(975, 'file-1656626777456.png'),
(976, 'file-1656626777479.png'),
(977, 'file-1656626777501.png'),
(978, 'file-1656626777526.png'),
(979, 'file-1656626777605.png'),
(980, 'file-1656626777633.png'),
(981, 'file-1656626777656.png'),
(982, 'file-1656626777679.png'),
(983, 'file-1656626777732.png'),
(984, 'file-1656626777793.png'),
(985, 'file-1656626777822.png'),
(986, 'file-1656626777853.png'),
(987, 'file-1656626777889.png'),
(988, 'file-1656626777928.png'),
(989, 'file-1656626777955.png'),
(990, 'file-1656626778014.png'),
(991, 'file-1656626778043.png'),
(992, 'file-1656626778083.png'),
(993, 'file-1656626778117.png'),
(994, 'file-1656626778198.png'),
(995, 'file-1656626778228.png'),
(996, 'file-1656626778253.png'),
(997, 'file-1656626778278.png'),
(998, 'file-1656626778367.png'),
(999, 'file-1656626778398.png'),
(1000, 'file-1656626778426.png'),
(1001, 'file-1656626778458.png'),
(1002, 'file-1656626778531.png'),
(1003, 'file-1656626778560.png'),
(1004, 'file-1656626778608.png'),
(1005, 'file-1656626778655.png'),
(1006, 'file-1656626778747.png'),
(1007, 'file-1656626778786.png'),
(1008, 'file-1656626778825.png'),
(1009, 'file-1656626778912.png'),
(1010, 'file-1656626778944.png'),
(1011, 'file-1656626778975.png'),
(1012, 'file-1656626779006.png'),
(1013, 'file-1656626779039.png'),
(1014, 'file-1656626779071.png'),
(1015, 'file-1656626779103.png'),
(1016, 'file-1656626779196.png'),
(1017, 'file-1656626779233.png'),
(1018, 'file-1656626779263.png'),
(1019, 'file-1656626779302.png'),
(1020, 'file-1656626779400.png'),
(1021, 'file-1656626779490.png'),
(1022, 'file-1656626779516.png'),
(1023, 'file-1656626779542.png'),
(1024, 'file-1656626779634.png'),
(1025, 'file-1656626779701.png'),
(1026, 'file-1656626779737.png'),
(1027, 'file-1656626779808.png'),
(1028, 'file-1656626779834.png'),
(1029, 'file-1656626779862.png'),
(1030, 'file-1656626779886.png'),
(1031, 'file-1656626779908.png'),
(1032, 'file-1656626779938.png'),
(1033, 'file-1656626780035.png'),
(1034, 'file-1656626780075.png'),
(1035, 'file-1656626780108.png'),
(1036, 'file-1656626780149.png'),
(1037, 'file-1656626780203.png'),
(1038, 'file-1656626780233.png'),
(1039, 'file-1656626780263.png'),
(1040, 'file-1656626780294.png'),
(1041, 'file-1656626780342.png'),
(1042, 'file-1656626780400.png'),
(1043, 'file-1656626780447.png'),
(1044, 'file-1656626780479.png'),
(1045, 'file-1656626780567.png'),
(1046, 'file-1656626780597.png'),
(1047, 'file-1656626780622.png'),
(1048, 'file-1656626780652.png'),
(1049, 'file-1656626780680.png'),
(1050, 'file-1656626780755.png'),
(1051, 'file-1656626780789.png'),
(1052, 'file-1656626780826.png'),
(1053, 'file-1656626780883.png'),
(1054, 'file-1656626781014.png'),
(1055, 'file-1656626781042.png'),
(1056, 'file-1656626781070.png'),
(1057, 'file-1656626781121.png'),
(1058, 'file-1656626781175.png'),
(1059, 'file-1656626781221.png'),
(1060, 'file-1656626781340.png'),
(1061, 'file-1656626781385.png'),
(1062, 'file-1656626781421.png'),
(1063, 'file-1656626781449.png'),
(1064, 'file-1656626781549.png'),
(1065, 'file-1656626781571.png'),
(1066, 'file-1656626781593.png'),
(1067, 'file-1656626781618.png'),
(1068, 'file-1656626781645.png'),
(1069, 'file-1656626781672.png'),
(1070, 'file-1656626781704.png'),
(1071, 'file-1656626781804.png'),
(1072, 'file-1656626781830.png'),
(1073, 'file-1656626781864.png'),
(1074, 'file-1656626781891.png'),
(1075, 'file-1656626781918.png'),
(1076, 'file-1656626781977.png'),
(1077, 'file-1656626782124.png'),
(1078, 'file-1656626782176.png'),
(1079, 'file-1656626782226.png'),
(1080, 'file-1656626782267.png'),
(1081, 'file-1656626782297.png'),
(1082, 'file-1656626782392.png'),
(1083, 'file-1656626782427.png'),
(1084, 'file-1656626782456.png'),
(1085, 'file-1656626782485.png'),
(1086, 'file-1656626782530.png'),
(1087, 'file-1656626782566.png'),
(1088, 'file-1656626782620.png'),
(1089, 'file-1656626782730.png'),
(1090, 'file-1656626782773.png'),
(1091, 'file-1656626782810.png'),
(1092, 'file-1656626782850.png'),
(1093, 'file-1656626782893.png'),
(1094, 'file-1656626783021.png'),
(1095, 'file-1656626783056.png'),
(1096, 'file-1656626783100.png');

-- --------------------------------------------------------

--
-- Table structure for table `users`
--

CREATE TABLE `users` (
  `id` int(11) NOT NULL,
  `email` varchar(46) NOT NULL,
  `passw` varchar(255) NOT NULL,
  `is_admin` tinyint(1) DEFAULT 0
) ENGINE=InnoDB DEFAULT CHARSET=utf8mb4;

--
-- Dumping data for table `users`
--

INSERT INTO `users` (`id`, `email`, `passw`, `is_admin`) VALUES
(2, 'zilahi_2@gmail.com', 'Hello', 0),
(3, 'zilahi_3@gmail.com', 'Hello', 0),
(4, 'test', 'test', 0),
(5, 'test22', 'test', 0),
(6, 'demo', 'demo1234', 0),
(7, 'hello_test', '12345', 0),
(8, 'newestdemo_check', 'Demo', 0),
(9, 'zilahijfodjfodsijf', 'widofjsdofjdsofjds', 0),
(10, 'zilahijfodjfodsijfr4r4r4', 'widofjsdofjdsofjds', 0),
(11, 'hello', 'Be+VbM7cCD0+IqcQkoEr+g==$au7q2dU8/zZWI31WZrmrzLSBFyb78+ObrMja9GrWOhV+KTnuITz+ExVOe0hmWzYzB8cgfq6xQ85zmBoGbHhFHA==', 0),
(12, 'hello', 'XUZIBb0sR1ogZYma0GL7wA==$fSLvJkG8cAbGG8hELV7JBeF6J0VVCcM2Rj6iTRdwoPyYjgBu4YIuLg+6XOhbGHL8fBAmaTTLvteDA5/+s9jIUQ==', 0),
(13, 'hello', 'GiwCzENa8XlCZF8uJVVlKQ==$xBYjnzHj397DtkGeig5lIu3MySWb5F9jzdiHi/GQhIE+EBKU0xBiRyckQcVedmD0kAFalLKI7Y/1go+0yxzoMA==', 0),
(14, 'hello', 'd7HYl9COiiZQ0pDHz/aoRA==$H5Pb5l2gqfD2Q37bhw6tNVZUl/9xRIMf+jk/hqlX6S3kS3lTzYZUp8+xjrg/KylHBpPz0pBAezeZ4DM539EKGw==', 0),
(15, 'hello', 'A423MrClk9odF13sW8g6yQ==$SegGmLK70Z+C/fDomUMs8H6IGiEgUxyTx2PK2wuWORtDHKWCoTNHZP63aQwHXn63epctMMbyW8T2UsT5jNRL2w==', 0),
(16, 'hello', 'YEVtkXTPWfdu0fC9zyOT7A==$YogbjdGEV1Z/mtEfH2nvO88Xhsusr5TzvOunwGkfnvg4xTPEOXW39djQWmo5DKKYe2ecQ5VzVl7kOpHxBXbMqw==', 0),
(17, 'hello', 'tJaDXQDWFTlJN3fvNSxeDg==$HWTu87JGwLtEr4jzhPvzLAO2j0TZSSIagULw6THr3k/tvNTGL7FUzghbjf51//jaa/u2xjWfBbRtrLCaikrJeQ==', 0),
(18, 'hello', 'hBHdvZ54uSEmXekb5Onbjw==$o5o7gkb7sSH0litnlF0czD2aWuaaNwhztSKz0g3bvSLYJTUU9JPbdls9AW5r6uql0hnOBUmRX9cGngpReY4uTg==', 0),
(19, 'hello', 'oBhZqHxDsiNC5nSG5wSmcQ==$OnvwsmJBDb1esELRKG9+LnYub1aYD9m2bkmQNZoWybZhbEn70zPWKzk91ZREmmvQlL96gxkNR3DQD2hDJOo5bw==', 0),
(20, 'hello', 'cMSua7xU8nw6pFGCQssclA==$g8YaGsUsNfW4R1HGs00i6AeoUqYLlhkj5zae+lO340yY7v9vHm/X1prNNA1Lk0IgZZwQoQeW2SSNSpK8BdVO/A==', 0),
(21, 'hello@demo.com', '5SvwcXbBiL17nfUSPQaGVQ==$A3WIzKn/h+ypgf18Irr85rnz0vU7YZWk1cTQ6y3003fwFKCYUdA1Ibw+PZhR9pSgFgtVfOsRaVedDOaQnzQ+aA==', 0),
(22, 'hello@demo.com', '4Fejpq9jJIiD3XiJE36BOw==$7msSJ2wG3VmX97EPwP65h0nDiABPk81IWFeY0G2U9qJzcWEtrSrfsnIB43DAqi2UBYcSYvfFEy2LJrVA3WzxBw==', 0),
(23, 'hello@demo.com', 'PFReeIsjH2WJVm6c3dTc5A==$cspnxBy1KW2YUh4IOQ/RVhXiiQbjq2vYpuYDL4HXdRVT0auUbePWQvpH9OwD5YeK8F+VS1O0oPOb/bYmGKjWTQ==', 0),
(24, 'ilyennincs@gmail.com', 'LTbaQivHuPyvWRVbzYcftw==$JDy6qzQgpjcvmxdP8BMpdFm1iMiI5q71CKJeviqk7MmoKEMCiuwQi0Si0tRNnG9jn+1Rikm+xeCFEbddF8HABA==', 0),
(25, '1234567@gmail.com', 'du5B5wpXKwPq5G4Vnic7QA==$a9Yqs8NmijPMm5ZVHlrrFlodPytK+dx8ZJFze0+MQsKEmHw/V/EuTxE8QXPhuH11ml7U8BBA8GZK6DGVLdfztw==', 0),
(26, 'fudhjdiowhjfeior@gmail.com', '/zX7BVpRVGPkl/GxG8egng==$o1W8V3+Ea3jGxywyU5oX9TBLyK3+EX2W5wpUQBfXQ4nXA2kCukWUMJyzWWw8jO4AWsebEuUiUx0Gq6mmBO8pYQ==', 0),
(27, 'kefhierghufodhglef@gmail.com', 'nGjrprZ/nQu0Grh129/4dA==$A6YYLU9UU7ZWfVGjtrXpHg/tTcfCASkJnySMW91PMZnqsMCZmVNXmyfG7TSa6ERT9aUGmvra1V28w7wF3E9vkw==', 0),
(28, 'wfjehrgirehgiuerhguireh@gmail.com', 'VSmWXeZXndiX0HOwUfYuUQ==$G//olsDUubCIZw5Zg3e6pz7gLKpHWCYK6Bt7WZQBKlMKRl9D8b+vAxT5e80Sm2DB8j/s3uVs2GBqqO3K3gUIPQ==', 0),
(29, 'zilahi@gmail.com', 'zOW9POfGiHlTJS752VBslw==$cvvRmfaTaDIJkZCN0DkSuXbDIXEOnt8ApYnZPe/grx9WWaZeui34SrYBsddtnmfnaTOntNthWlD5CGg4EmTRRw==', 1);

--
-- Indexes for dumped tables
--

--
-- Indexes for table `categories`
--
ALTER TABLE `categories`
  ADD PRIMARY KEY (`id`);

--
-- Indexes for table `periods`
--
ALTER TABLE `periods`
  ADD PRIMARY KEY (`id`);

--
-- Indexes for table `tasks`
--
ALTER TABLE `tasks`
  ADD PRIMARY KEY (`id`),
  ADD KEY `fk_category` (`category_id`),
  ADD KEY `fk_period` (`period_id`),
  ADD KEY `fk_task_image` (`task_image_id`);

--
-- Indexes for table `task_images`
--
ALTER TABLE `task_images`
  ADD PRIMARY KEY (`id`);

--
-- Indexes for table `users`
--
ALTER TABLE `users`
  ADD PRIMARY KEY (`id`);

--
-- AUTO_INCREMENT for dumped tables
--

--
-- AUTO_INCREMENT for table `categories`
--
ALTER TABLE `categories`
  MODIFY `id` int(11) NOT NULL AUTO_INCREMENT, AUTO_INCREMENT=18;

--
-- AUTO_INCREMENT for table `periods`
--
ALTER TABLE `periods`
  MODIFY `id` int(11) NOT NULL AUTO_INCREMENT, AUTO_INCREMENT=58;

--
-- AUTO_INCREMENT for table `tasks`
--
ALTER TABLE `tasks`
  MODIFY `id` int(11) NOT NULL AUTO_INCREMENT, AUTO_INCREMENT=1057;

--
-- AUTO_INCREMENT for table `task_images`
--
ALTER TABLE `task_images`
  MODIFY `id` int(11) NOT NULL AUTO_INCREMENT, AUTO_INCREMENT=1097;

--
-- AUTO_INCREMENT for table `users`
--
ALTER TABLE `users`
  MODIFY `id` int(11) NOT NULL AUTO_INCREMENT, AUTO_INCREMENT=30;

--
-- Constraints for dumped tables
--

--
-- Constraints for table `tasks`
--
ALTER TABLE `tasks`
  ADD CONSTRAINT `fk_category` FOREIGN KEY (`category_id`) REFERENCES `categories` (`id`),
  ADD CONSTRAINT `fk_period` FOREIGN KEY (`period_id`) REFERENCES `periods` (`id`),
  ADD CONSTRAINT `fk_task_image` FOREIGN KEY (`task_image_id`) REFERENCES `task_images` (`id`);
COMMIT;

/*!40101 SET CHARACTER_SET_CLIENT=@OLD_CHARACTER_SET_CLIENT */;
/*!40101 SET CHARACTER_SET_RESULTS=@OLD_CHARACTER_SET_RESULTS */;
/*!40101 SET COLLATION_CONNECTION=@OLD_COLLATION_CONNECTION */;
